actorIndex,actorName,actorSex
9724,克拉拉,女
474596,艾伦,男
372993,乔杉,男
8,常远,男
3698,闫妮,女
16791,西蒙·坤茨,男
29233,李·尼古拉斯·哈里斯,男
28454,小沈阳,男
2403116,郑楚一,男
29633,江一燕,女
14274,杜源,男
4516,段奕宏,男
377998,郑伟,男
593942,张博,男
2861755,刘桃,女
2399541,张彭皓,男
2397609,李晨溪,女
1039247,蔡翱骏,男
9123,姜梦茹,女
959903,谢容儿,女
2396846,薇拉贝儿,女
2396847,曲馨雅,女
1031386,姜星丘,男
368901,陈嘉敏,女
29001,杜海涛,男
28998,李维嘉,男
29002,吴昕,女
360510,姚雨鑫," class=""tag"">暖男"
20385,马丽,女
5490,容祖儿,女
755,蔡卓妍,女
28626,邓丽欣,女
29263,钟欣潼,女
651,王子子,女
2403041,孙加琴,女
2809377,王铭硕,女
2884331,黄伟,
16152,王超北,男
2403037,阿拉腾乌拉,男
2809378,苏枫,男
2403038,伊丹纳,女
25568,涂们,男
1030648,毕啸岚,女
372069,易小星,男
1030647,于心怡,女
4733,爱德华·哈里森·诺顿,男
71474,吉姆·加菲根,男
271024,高晓松,男
1334,索朗尼玛,男
28587,杨颖,女
798,张超,男
5326,阮经天,男
29483,黄觉,男
27548,尹铸胜,男
28196,潘虹,女
262004,寇振海,男
28575,林雪,男
1041209,王梓谦,男
772,谢霆锋,男
385187,纪焕博,男
1040052,刘小倩,女
688714,郑秀妍,女
28118,唐艺昕,女
187995,县森鱼,男
1151839,颜如晶,女
1028126,刘晨霞,女
2397811,仇佩佩,女
2827125,周键铭,
2827126,苏士为,
2827124,周依然,女
1008209,金巴,男
3659,廖希,男
1385,尼玛颂宋,女
2860519,赛却加,男
2857656,容中尔甲,男
365481,张陆,男
1024804,阿什·布林克夫,男
14276,普超英,女
1235,安迪·萨姆伯格,男
28873,史蒂夫·布西密,男
6948,大卫·斯佩德,男
6946,赛琳娜·戈麦斯,女
26405,梅尔·布鲁克斯,男
10604,科甘-迈克尔·凯,男
823,凯瑟琳·哈恩,女
1028891,杨抒文,女
354120,尹正,男
1028693,潘米多,女
282652,托马斯·罗宾逊,男
3651,成毅,男
29386,辛芷蕾,女
245098,蒂姆·麦格罗,男
8026,艾美达·斯丹顿,女
6264,阿迪勒·阿赫塔尔,男
12781,迈克尔·刚本,男
8100,加内特·赫德兰,男
354204,莱维·米勒,男
5003,蒂姆·唐尼,男
339,阿曼达·塞弗里德,女
354205,卡拉·迪瓦伊,女
1307,侬索·阿诺斯,男
64853,凯西·伯克,女
20829,莎莉·霍金斯,女
4390,吉姆·布劳德本特,男
29225,彼得·卡帕尔蒂,男
20479,休·博纳维尔,男
7773,丁春诚,男
11104,黄姵嘉,女
354024,魏晨,男
16439,张子萱,女
354077,毕夏,女
16777,曹卫宇,男
400282,里拉,女
29201,黄圣依,女
19824,元秋,女
1154085,陆晓飞,
1154083,贾璐,
1154084,邓海鹰,
1154082,夏铄铭,
30351,易立,男
28117,何文辉,男
11676,张钧甯,女
28622,梁小龙,男
15409,董志华,男
28639,林子聪,男
1154081,滕梦乔,
365736,罗光敏,男
1026034,于滨滨,男
1026033,洪林岭,男
618596,安龙,男
130220,陈亦飞,男
19240,刘伟,男
394240,戚九洲,男
1020031,闫清,女
444451,王红梅,女
366022,李佑晨,女
469049,王红,女
394241,蓝格,女
588,吴岱融,男
43124,肯·梁,男
2153507,宿丹,男
395824,李文杰,女
1015149,臧秀云,女
385047,马盛君,女
393033,赵千紫,女
13104,于洋,男
395823,高冬冬,男
2834416,罗漩,女
224042,商虹,男
393940,杨梅,女
393034,吴妍妍,女
1574174,牟凤彬,男
393032,于子健,男
383765,李晓波,男
1015148,殷昊泽,男
34855,施建岚,女
440,午马,男
415433,孙锂华,女
1012168,梁愚,男
1027678,杨晓蓉,女
1014545,陈炜,女
1020998,齐连春,男
1015370,黄洋,男
1015371,姜世卓,男
985182,王珂,女
1015372,郑婧妍,男
14277,郑岚侨,女
19247,鞠萍,女
393185,王雪纯,女
398243,高明洁,
1018977,洪一凡,男
1018979,马宁坡,男
777736,王格,女
375048,周艺华,男
994805,战斗,男
14283,刘惠,男
920388,刘芳,女
475329,刘姿伶,男
1012171,曹志颖,男
1018976,傅博琛,男
1157104,孙浩涪,男
1018958,肖和若凡,女
1018960,马毛旦,
1018956,王艳良,
23441,韩三明,男
1018957,张宏,
1018959,杨巨峰,
1018961,葛起豪,男
1018955,易莉,女
1012167,许之糯,男
433794,付冰,男
22181,颜北,男
22182,董琳达,男
2756,吕聿来,男
1215,立威廉,男
10685,乔诗语,女
358206,拉克兰·伍兹,男
358207,保罗·亨利,男
1408,蓝燕,女
458,狄菲菲,女
32830,董玉峰,男
2864,王李丹妮,女
474969,陈相依,
474964,黎筱濛,女
399839,杜雨辰,女
380169,王楠,
12070,詹姆斯·卡梅隆,男
224211,李佳怡,女
382572,陈昭,男
380159,徐梦娟,
382575,李密,男
474970,白禹飞,
358205,弗兰克·洛蒂托,男
474968,梁伽源,
9213,温兆伦,男
415426,田玲,女
29279,肖剑,男
2757,时诗,男
1017501,刘嘉,女
128678,王千航,男
399841,尹贵勇,男
9126,刘静怡,女
399842,韩轩桐,女
459,张云翼,男
460,程玉珠,男
32751,孟祥龙,男
2392477,吴磊,男
18824,吴大维,男
10683,宣晓鸣,男
224040,陈浩,男
28421,黎一墨,女
29060,谢君豪,男
15983,张睿家,男
7511,何佩瑜,女
1217,杜玉明,男
471376,尤俊志,
362396,隋抒洋,男
2885488,吴芃芃,
19430,阿努拉格·卡施亚普,男
471374,陈丽如,
3988,克拉克·格雷格,男
369693,维万·沙,
354297,穆怀鹏,男
7662,余思潞,女
374802,杨心蕊,女
399840,任鹏,男
379497,刘俊宏,女
654,吴卫东,男
394781,郝姗姗,女
29563,黄璐,女
28979,梅婷,女
148222,阿布舍克·巴强,男
137178,杰奇·史洛夫,男
8424,刘劲,男
1016747,韩织优,女
379495,罗北安,男
379496,余科宏,
28619,陈妍希,女
175032,王志华,男
224103,张磊,女
21900,李智伟,男
21898,赵震,男
385563,陈嘉宝,女
128053,连诗雅,女
1017195,李静仪,女
591816,宫哲,女
454172,王九胜,男
3524,郭晓东,男
224041,张瑶函,男
1021167,莉莉李,女
130189,张伟,男
3700,吴嘉龙,男
143381,沙鲁克·汗,男
1016778,金戈胤,男
1015496,项昌群,女
660,庄思敏,女
28635,何超仪,女
28455,卢海鹏,男
128671,王菀之,女
11323,王晖,男
29377,许绍雄,男
3567,曾珮瑜,女
129079,林德信,男
130114,蔡宜达,男
3699,乔任梁,男
1085,张馨予,女
55496,玛丽亚·格拉齐亚·库奇诺塔,女
11877,白凯南,男
128499,陈静,女
38696,阿德里亚诺·吉安尼尼,男
28064,郭碧婷,女
363107,柯佳嬿,女
401733,邹轩琦,男
31077,郑有杰,男
213205,李淳,男
392461,胡宇威,男
1795,王传君,男
385554,邹文正,男
390437,薛仕凌,男
390436,赖佩霞,女
128410,顾又铭,男
28636,田启文,男
390439,日比野玲,男
129080,雨侨,女
28189,张瑶,女
3377,屈菁菁,女
22567,叶童,女
388777,白梓轩,男
1013899,周若涵,女
454651,刘佳佳,女
426142,刘冠霖,男
1013898,尹菲,女
1013900,信将凡,女
1018515,刘冠麟,男
1436,丹尼尔·弗莱厄蒂,男
382289,车艺莲,女
4606,翠茜·索姆斯,女
11557,陈龙,男
20019,大卫·札亚斯,男
417,阿德沃尔·阿吉纽依-艾格拜吉,男
382573,马语非,男
1018989,郝俊越,男
354010,张美娟,女
425044,蓝盈莹,女
22656,尔玛依娜,女
25123,杨欣,女
1018984,苏俣,女
1018985,刘浏,女
1018986,郑炼,男
1018988,孙金良,男
1018987,高旭东,男
366878,周岭南,女
384334,范子轩,女
19141,卡特琳娜·莫里诺,女
384337,于东泽,男
29659,陈嘉桓,女
2801096,李嘉傲,男
959,龚慈恩,女
29628,李灿森,男
25272,徐少强,男
384341,何月涵,女
384338,范泽熙,男
384333,张植绿,男
11906,赵荣,女
15898,玛丽安娜·米勒,女
29630,唐文龙,男
8436,Wendee Lee,女
7804,来喜,男
384336,黄赞臣,男
366877,迟帅,男
15892,辛迪·罗宾逊,女
2828654,高杰,男
1014917,金莞鸿,男
396961,韩木墩,男
21374,王雅捷,女
11991,王美英,女
121319,张京生,男
374205,许薇,女
2800681,黄骞,男
2835831,买政尧,男
28093,石天琦,女
475366,梅俪儿,女
408899,姜析源,女
28074,李悦铭,男
913,牛犇,男
598098,刘越,女
12170,马超,男
29096,汤姆·威尔金森,男
433340,孙鹏,男
152903,弗朗西斯·麦基,男
9875,张刚,男
1009517,舒鸣,男
1028138,宁小花,男
1013742,陈彦麟,男
126565,刘超,男
691055,应采灵,女
9181,杨淇,女
620,李子雄,男
1391,石小满,男
405360,林好,女
1840,迈克尔·吉普森,男
393439,姚岗,男
129286,迪尔梅德·默塔,男
405361,杨猛,男
27402,奥玛·希,男
386689,马尔滕·丹嫩贝格,男
2025,萨姆·斯普卢尔,男
11015,罗玉婷,女
29039,詹姆斯·弗兰科,男
499,范楚绒,女
15897,道格·俄尔茨,男
15895,Jessica Straus,女
595842,金炜,男
992031,霍尊,男
12573,刘纯燕,女
31315,盛石头,男
7054,田华,女
128681,王乐乐,女
394378,杜乔,女
3692,熊乃瑾,女
16367,马少骅,男
401743,刘泊潇,男
394380,杜菁,女
385369,钟超,男
1013141,刘博涵,女
8603,巩汉林,男
392383,王素云,女
393928,李海,男
23314,曾韵蓁,女
1021579,陈婧旸,女
28949,高云翔,男
387510,李静,女
406950,孙菲菲,女
1027333,陈秋果,男
389032,李泰,男
18846,陶红,女
1013605,王艺嘉,女
414646,商蓉,女
29842,李威,男
394382,李嘉樾,男
9566,拉蒂西亚·多瑞拉,女
206464,何塞·科罗纳多,男
6466,玛尔塔·埃图拉,女
187267,伊万·马萨戈,男
356640,米克尔·伊格莱西亚斯,男
9580,Jose Mellinas,男
394379,蒋羽熙,女
356641,阿尔伯特·普拉特,
1014129,郑暐达,男
794,莫小棋,女
173,鲍比·坎纳瓦尔,男
354030,贾静雯,女
18522,基姆·古铁雷斯,男
403964,程予希,女
8652,朱雨辰,男
128869,奎文赞妮·瓦利斯,女
450366,邵雨薇,女
28647,杰米·福克斯,男
2019,卡梅隆·迪亚兹,女
1014130,石知田,男
2401702,王霏,男
2496,萝丝·拜恩,女
1013206,李敏妍,女
7659,任贤齐,男
796,杨恭如,女
1264,锦荣,男
28068,陈学冬,男
29916,任言恺,男
30173,李贤宰,男
573,海帆,男
10374,刘彬,男
10377,詹佳,女
388608,曹真,男
29574,黄宗泽,男
1012777,刘登雄,
354847,张汉盛,男
28062,杨幂,女
475504,何子健,
1013564,何伟,男
475499,米歇尔·法布里斯,男
475502,阿英达.迈卜德扎,男
475500,吉拉德卡·伊莉娜,女
475501,夏洛瓦·安顿,男
2842432,安娜塔莉亚·沙迪科娃,女
1270,黄莺,女
475503,索博尔奇,
32745,张安琪,女
128292,杨雪,女
1155233,旺卓措,女
128291,索朗卓嘎,女
2863072,沈桦,
472487,黄宇海,
29759,多布杰,男
382818,曹承穆,男
2801344,索珍,女
12211,张立威,男
2802495,夏天,女
361179,姜栋元,男
374663,李星民,男
472480,刘馨萱,女
472489,许馨惠,
382819,许俊硕,男
472484,夏甜,
382820,泰蒂徐,
1154200,曹成穆,男
472482,袁文革,男
126568,金甲洙,男
7510,胡耀辉,男
29570,黄柏钧,男
472485,姚玉兰,
187621,白日燮,男
3527,王啸坤,男
29463,刘芸,女
3526,隋凯,男
1150,潘霜霜,女
397671,李雅男,李雅男
935526,陈奕龙,男
455233,洪悦,女
1021626,王又戈,男
1021617,葛恒瑞,男
26358,路辉,男
1026035,苏瀚,男
389011,姚澜,男
1016779,郜振峰,男
1016780,吴蓓蓓,男
11331,卢奇,男
5318,李琦,男
1158348,宋珂欣,女
464205,雷婷,女
128276,王虎城,男
2152933,夏侯云姗,女
20612,单如,男
2392756,张珏,男
1020530,徐子菲,女
21958,韩振华,男
20611,王全有,男
14279,关新伟,男
366235,周浩东,男
418997,端木新卉,女
1013340,刘青,女
354188,廖蔚蔚,女
475194,许新宇,男
475195,邓燕,女
475107,王双,
475106,张宝山,
15518,董维嘉,女
475199,于琳,女
10860,尚华,女
1707,岳红,女
29203,张茜,女
953505,白国伟,男
15724,佟悦,男
915,霍泥芳,女
719508,梁子," class=""tag"">暖男"
596419,李为民,男
1021725,孙小娟,女
1022030,钱迪迪,女
970446,王道铁,男
22679,魏宗万,男
1027577,孙微微,
466378,谢东,男
868065,邹开云,
1154080,亚拉亚姆,
21902,王翀,男
1667119,Hugh Lehane,
1762245,Charlie Magdaleno,
128525,赵毅维,男
224100,那英,女
114250,符冲,男
1766165,Madison Brunoehler,
16379,刘利年,男
567,李正翔,男
29429,克里斯蒂娜·里奇,女
25088,西恩·奥斯汀,男
662,葛优,男
1382,周韵,女
28088,斯琴高娃,女
28605,倪虹洁,女
22508,赵文琪,女
15521,李锐,男
605,曹云金,男
372138,邱泽,男
472483,胡达威,男
128289,拉旺罗布,男
29194,陆毅,男
19953,乐嘉,男
569,周帅,男
32746,樊俊航,男
354227,陆雨萱,女
29781,赵奕欢,女
2802062,李宜儒,女
892546,王若伊,女
30222,宋胤熹,男
28944,卢惠光,男
28449,宋慧乔,女
791,于荣光,男
1153723,陆海涛,男
9437,喻恩泰,男
29408,张颂文,男
359387,闫彦龙,男
4691,何华超,男
12233,杨政,男
354050,张佑赫,男
4213,姚星彤,女
10372,张源,男
29873,郭家铭,男
7199,绪方贤一,男
7201,岩居由希子,女
7203,高木涉,男
10368,于立,男
10367,吴天昊,男
10369,榕榕,女
7198,松井菜樱子,女
18525,姜瑞佳,女
514,句兆杰,男
7197,山口胜平,男
354972,钱思曈,女
224075,张鲁一,男
354243,屠育玮,男
2803,隋咏良,男
28099,周星驰,男
354648,杜语庭,男
564,王姬,女
126663,常诚,女
29190,周冬雨,女
19193,晋松,男
9958,杨洋,男
3147,何润东,男
354145,曹璐,男
1154623,尉迟少南,男
2801,张铎,男
354799,葛天,女
1154079,珠玛,女
8106,泰伦斯·霍华德,男
13167,哈罗德·佩里诺,男
372701,鲁克萨尔,
21617,休·劳瑞,男
5947,拉菲·卡西迪,女
1381,姜文,男
6923,马丁·唐文,男
29515,阿诺德·施瓦辛格,男
29219,米瑞·伊诺丝,女
28137,马克斯·马蒂尼,男
3368,奥莉维亚·威廉姆斯,女
16176,乔什·哈洛威,男
17553,李美琪,女
1599,安塞尔·艾尔高特,男
8611,迈尔斯·特勒,男
148226,沙鲁巴·舒克拉,男
371674,安努舒卡·莎玛,女
372409,Anil Mange,
396259,Harish Iyer,
372406,苏尚特·辛格·拉吉普特,男
14638,博曼·伊拉尼,男
13461,桑杰·达特,男
29012,杰·科特尼,男
8501,马特·林茨,男
25250,简·科拉克斯基,女
1371,奥克塔维亚·斯宾瑟,女
6209,提奥·詹姆斯,男
28650,杰森·克拉克,男
3247,本·威士肖,男
29847,乔什·布洛林,男
9999,约翰·浩克斯,男
6640,艾米丽·沃森,女
28334,迈克尔·凯利,男
5582,萨姆·沃辛顿,男
6637,凯拉·奈特莉,女
8050,杰克·吉伦哈尔,男
6947,凯文·詹姆斯,男
4660,彼特·丁拉基,男
1093,布莱恩·考克斯,男
29777,敏迪·卡灵,女
357011,凯特林·迪亚斯,女
18827,菲利丝·史密斯,女
28534,比尔·哈德尔,男
5685,理查德·坎德,男
7194,高山南,女
7195,山崎和佳奈,女
3337,艾米·波勒,女
46644,刘易斯·布莱克,男
533,彼得·费奥多罗夫,男
1013182,阿娜斯塔西亚·米库尔奇娜,女
656471,雅戈尼娅·库兹涅佐娃,女
1013204,叶甫盖尼娅·玛拉霍娃,女
1013798,索菲娅·莱贝德娃,女
234,安纳托利·别雷,男
662256,叶卡婕琳娜·维尔科娃,女
29645,施予斐,女
793,文咏珊,女
589,罗兰,女
1786,梁烈唯,男
6549,猪哥亮,男
15650,巩峥,男
856474,克里斯蒂娜·阿斯姆斯,女
278332,蒋中炜,男
29497,白茹,女
2806,赵成彬,男
29561,夏雨,男
2395647,尹素怡,女
28627,方力申,男
1021175,王乙童,女
398727,郭云齐,男
398729,涵丰,男
385370,王修浩,男
398728,常笑笑,女
1021176,任娇,女
177229,张琦,男
2801104,许子轩,男
473974,赵路,男
449765,罗昱焜,女
2801889,高文峰,男
15662,孙坚,男
2805150,王天野,男
10373,金锋,男
2922,李东学,男
2214,寇世勋,男
380671,林俊杰,男
214,侯勇,男
2374031,高明,男
417855,墨阳,男
879063,张津赫,男
16467,王彩桦,女
13534,刘孜,女
474590,曲桐雨,女
29182,林心如,女
359342,左立,男
383565,崔宝月,女
5505,关晓彤,女
2,周泓,女
7060,黄素影,女
397956,韩艺博,男
592171,李苒苒,女
416032,许守钦,男
400957,金恩圣,男
10165,李彩英,女
123561,周弘,女
11419,张雪迎,女
18743,赵圆圆,女
393037,曾泳醍,女
331,路知行,男
1223,裘恩典,女
401736,洪涂,男
401735,梅文泽,
402855,韩雪莲,女
1019965,韩宝凛,女
393129,陈峰,男
136738,韦启良,男
18758,毛毛头,女
395895,姚一奇,男
401,冯远征,男
224073,石榴,男
9914,王晔,男
385354,王宗泽,男
402856,张灵儿,女
28590,金范,男
4391,詹姆斯·达西,男
389649,肖恩·蒂尔,男
34574,罗杰·里斯,男
381398,安东尼娅·托马斯,女
223927,古力娜扎,女
29506,罗伯特·福斯特,男
29504,安吉拉·贝塞特,女
29502,迪伦·麦克德莫特,男
357677,马元,男
476468,徐歉,女
1209,孔铭,男
128274,戴子翔,男
1153724,彭骞,
1022709,普布顿珠,男
3610,胡顺儿,女
256564,贾致钢,男
391940,王梓尘,男
1024854,陈梅生,女
1014354,朱自清,男
1024811,次仁多布杰,
1024812,加布,
2843428,格桑央宗,女
2886134,李洋,男
129905,余心恬,女
391941,曹西安,男
391943,孙黎,女
391942,邵胜杰,男
354652,克里斯托弗·斯特勒瑞,男
391944,罗芸,女
354651,本·普伦德加斯特,
6162,克里斯托弗·卡比,男
354650,Cate Wolswinkel,
3221,诺亚·泰勒,男
236394,迈德琳·怀斯特,女
354649,莎拉·斯努克,女
1017613,杨曼玉,女
354232,王芷璇,女
28361,汤唯,女
354231,张雅涵,女
29370,刘青云,男
1017616,李思雯,女
1022591,李玲,女
1017617,陈宇星,男
450,郑惠馨,女
28108,陈炳强,男
28638,张同祖,男
28217,杜可风,男
26166,丁羽,男
26164,米歇尔·加布里埃尔,女
1022708,索朗多吉,男
1017615,叶思浵,女
1017614,陶醉,男
1013874,高明钰,男
361448,霍卫民,男
32552,瞿澳晖,男
1013877,高枫,男
1013876,王冠男,王冠男
382509,任山,男
11728,苗雅宁,男
4956,伊桑·霍克,男
1013873,曹旭鹏,男
1153603,石原和海,
361314,阎萌萌,女
28959,高鑫,男
1019007,吴屹桐,女
5325,刘威,男
1019006,昱霖,男
5317,秦岚,女
473626,伊戈尔·卡列斯科夫,男
1153602,南好洋,男
473627,曹舒慈,女
358419,郭浩,
372502,廖子妤,女
1396,韩雪,女
5882,陈冲,女
7682,姚笛,女
29323,徐娇,女
1019003,林簌,女
1019004,郝鹏,男
385559,许雅婷,女
475477,陈志健,男
361317,唐小喜,女
4214,权相佑,男
2065,周晓鸥,男
436673,程雍,男
1019308,汤家琦,女
1019311,吴绮嘉,女
28958,张兆辉,男
29725,邵音音,女
8649,周俊伟,男
475481,李梓宸,女
475479,蔡明芳,女
90513,黛西·贝文,女
4735,奥斯卡·伊萨克,男
22506,林晓凡,男
8102,维果·莫腾森,男
355154,Kosta Kortidis,
355153,Okan Avci,
355152,James Sobol Kelly,
6700,Brian Niblett,男
1021572,品冠,男
355151,叶夫根尼亚·迪米特罗波卢,
5885,克尔斯滕·邓斯特,女
10730,冯骏骅,女
377725,醋醋,女
378469,王宇航,男
570,沈达威,男
10724,谢添天,男
29589,夏磊,男
571,杨鸥,女
10887,苏查拉·玛娜英,女
1012424,李志荟,女
28144,刘智福,男
28145,刘智满,男
128674,蔡瀚亿,男
1783,胡军,男
29587,石班瑜,男
28962,成泰燊,男
990,吴镇宇,男
354846,丹尼斯·凯恩,男
388597,郑媛元,女
28981,李菲儿,女
268218,凯蒂·米克松,女
12239,艾莉森·珍妮,女
29072,真田广之,男
520,桑德拉·布洛克,女
1843,安纳托·陶布曼,男
365901,王祺,
365902,朱蓉蓉,女
2843116,王幸,男
394292,王永强,男
365897,小连杀,女
1020535,谢昀杉,男
365899,郝翔海,男
1021551,柳敏,女
11226,唐振刚,男
14362,周采诗,女
126598,文祥,男
127361,洛安·沙巴诺尔,女
392446,常涛,
385429,塔蒂阿娜·帕科维奇,女
278724,加布里埃拉·赖特,女
23121,莱恩·库德里亚维斯基,男
1021153,孙怡,女
1026935,王鹏,男
217,冯四,男
218,葛夏,女
29016,拉蒂沃杰·布克维奇,男
2844338,王娟娟,女
1019918,于文霞,女
28745,雷·史蒂文森,男
1012949,迪夫,男
23302,梁洛施,女
1799,郭亚维,女
1807,宋磊,男
403465,申克,男
1012947,安妮,
1012948,索菲尔,女
413388,汤姆,
29350,姚明,男
11017,凯瑟琳·海格尔,女
18206,史蒂芬·朗,男
392380,潘石屹,男
22326,布兰登·费舍,男
354959,杰夫·唐纳姆,男
379502,李国毅,男
623,狄龙,男
29549,玛娅·鲁道夫,女
401324,李思娴,女
9218,莎拉·加顿,女
360513,雷佳,男
6363,希拉里·罗德姆·克林顿,女
155030,郎朗,男
363108,王识贤,男
519,陈志朋,男
29665,温超,男
378881,湛琪清,女
329,韩童生,男
360516,赵龙豪,男
22176,钱波,男
15952,柯宇纶,男
29371,李心洁,女
360511,高冬平,男
11415,蒙亭宜,女
388615,王琪,男
393921,王耀,男
388613,吴瑞,女
388614,仰洋,男
6546,陈嘉桦,女
375837,刘洋,男
393906,张道兴,男
8425,苏瑾,女
29226,皮耶尔弗兰切斯科·法维诺,男
3545,杨千嬅,女
2289,亚历山德拉·玛丽亚·拉娜,女
2391,史蒂芬·曼甘,男
9176,赵阳,男
2021,娜塔莉·多默尔,女
2392,大卫·卡尔德,男
2290,汤姆·拉斯齐哈,男
1781,李铭顺,男
2288,奥利维亚·王尔德,女
1834,丹尼尔·布鲁尔,男
18816,何冰,男
360517,米铁增,男
360515,张永强,男
766,思漩,女
26136,庄文强,男
29274,张俪,女
29387,张皓然,男
398237,朱晓辉,男
11413,范植伟,男
1011806,李紫云,女
3183,奥立薇娅·玛恩,女
28228,保罗·贝坦尼,男
22186,古巨基,男
816,郑浩南,男
565,高丽雯,女
19241,苏嘉航,男
354171,巴图,男
354168,李大海,男
384432,陈丽儿,女
18084,朱青阳,男
103644,吴浣仪,女
354976,阿诺佳·迪亚茨·博尔特,女
384429,何涴潆,女
384430,傅舜盈,女
354167,潘阳,女
384428,王诗雅,女
55438,石凉,男
6459,陈月末,男
381356,托马尔·奥兹,男
384431,李咏珊,女
753,刘亦菲,女
7775,吴耀汉,男
28223,格温妮斯·帕特洛,女
354169,侯迪,男
28483,尼古拉斯·凯奇,男
26129,雷宇扬,男
1845,迈克尔·卡尔金,男
17112,乌尔里奇·汤姆森,男
145837,约翰尼·帕斯沃尔斯基,男
359686,Chris Carfizzi,男
69049,陈友,男
257785,理查德·德克勒克,男
354573,Peter Davenport,男
272901,Charlotte Graham,女
198799,Steve Rosen,男
80007,Taryn Reif,女
21604,刘梓妍,女
7242,徐正溪,男
11727,胡静,女
27719,海登·克里斯滕森,男
6950,席洛·格林,男
401012,张澄,男
401011,李程彬,男
401205,吴瑶,女
401013,姜佩言,女
28188,江疏影,女
28900,刘烨,男
401204,李昊宇,男
15745,管羽,男
46562,罗伯·莫洛,男
232422,亚当·莱文,男
1300,海莉·斯坦菲尔德,女
37504,茅斯·达夫,男
354170,鲁诺,男
2403672,虞朗,女
208,蒋婧,女
211,刘牧,男
364521,Lin Ji,
2844474,林纪,
735498,伊莎贝拉·德鲁蒙德,女
377324,陈天璇,男
5865,吉米·卡特,男
250197,兹比格涅夫·布热津斯基,男
125234,亨利·基辛格,男
206,周奇奇,女
357962,萨日娜,女
207,李逸朗,男
366647,陆思宇,男
3149,陈乔恩,女
815,田子田,女
7971,郑元畅,男
790187,琪琪,女
29198,伊能静,女
366648,毕秀茹,女
3373,窦骁,男
29656,王祖蓝,男
28190,郑恺,男
224076,陈赫,男
29253,李晨,男
28591,胡东,男
11990,谢苗,男
28195,佟丽娅,女
28187,韩庚,男
28490,梁家辉,男
21358,王伍福,男
29490,刘之冰,男
554,范伟,男
29282,元华,男
29755,吴建豪,男
28232,王学圻,男
285692,印小天,男
15649,吴越,女
1400,唐国强,男
11326,赵晓明,男
396795,平田康之,男
28603,蒋劲夫,男
28428,李心艾,女
6945,亚当·桑德勒,男
354839,魏大勋,男
382510,张云龙,男
382268,成彬,女
365414,宋轶,女
28084,林志玲,女
28448,张震,男
361273,张予曦,女
29324,成东日,男
28628,田亮,男
7668,林志颖,男
29936,小小志,男
29905,王诗龄,女
30667,王岳伦,男
358270,尤兰蒂·维瑟,女
29138,何塞·巴勃罗·坎蒂略,男
370832,约翰尼·赛力玛,男
365904,图特哈蒙,男
27731,谢琳·伍德蕾,女
27093,阿杰,男
354184,卢恒宇,男
521,乔治·克鲁尼,男
365490,朱雀橙,女
365905,黎筱蒙,女
1018256,藤新,男
358271,忍者,男
136064,安德森·库珀,男
1295,赵涛,女
224203,刘陆,女
1021872,原文倩,男
1021870,荣梓杉,男
248651,梁永浩,男
34564,梁景东,男
28952,李菁,男
28817,周韦彤,女
1030139,赵文杰,男
2408584,苏拉文雅,女
2885766,林亦萱,
29481,张译,男
2408310,谷峯,男
29719,毛舜筠,女
378868,王玥波,男
361327,赵慧珊,
28111,周秀娜,女
378869,周启勋,男
1157,马天宇,男
29721,吴千语,女
16759,郭锋,男
7714,鲁振顺,男
1210,王劲松,男
106872,马海伦,女
1022269,马君,男
28957,叶璇,女
2751,冼色丽,女
28940,鲍起静,女
80076,毛俊辉,男
2747,卫诗雅,女
29480,王珞丹,女
1272,天心,女
4215,廖凡,男
18742,宋洋,男
399864,张傲月,男
1019402,彭东旭,男
1019261,刘黛希,女
130138,徐可,男
32594,王慧,女
16380,李诚儒,男
29482,钟丽缇,女
29581,范文芳,女
6458,刘亚津,男
1019262,香奈儿,女
16511,菲尔·拉马,男
275809,Jennifer Cody,
1019260,戴萌,女
150843,安娜索菲亚·罗伯,女
180784,Julianna Rose,男
44310,洛雷塔·迪瓦恩,女
32103,诺亚·约翰斯顿,男
30585,王云飞,男
1286,邵美琪,女
1287,石修,男
173018,蒂姆·汉兹,男
390008,贾斯汀·弗莱彻,男
55502,欧米德·吉亚李利,男
390007,理查德·韦伯,男
144146,凯特·哈伯,女
32755,安迪·尼曼,男
234482,西蒙·格林诺,男
105016,乔伊·卡门,男
130076,朱健钧,男
401731,王紫璇,女
385446,凯思琳·布劳尔斯,女
130210,李佳奇,男
401732,柳希龙,男
763,车婉婉,女
28572,王紫逸,男
385445,夏奈尔·格雷,
17981,阿登·杨,男
27661,凯特琳·斯塔西,女
27662,凯文·格雷维奥斯,男
467,苏格拉底·奥图,男
17514,陈奕迅,男
147126,格兰特·乔治,男
28198,王森,男
385447,默里·布卢,男
997210,桂华政,男
1013755,何冠男,何冠男
400042,崔德门,男
14059,曹承佑,男
139465,李璟荣,男
202985,朴秉恩,男
12581,朴哲民,男
8434,卡罗琳·劳伦斯,女
33529,道格·斯通,男
5399,谢欣颖,女
385448,乔治·巴比特,男
1020488,欧阳俊文,男
354934,罗德格尔·邦帕斯,男
1015611,丁文博,男
10726,翟巍,男
1023460,小嘿猪,
663,李小璐,女
10023,于小伟,男
2903,陈楚生,男
396681,孙晔,男
27516,妻夫木聪,男
6917,许芳宜,女
354027,宋芸桦,女
354888,布鲁斯,男
354933,比尔·法格巴克,男
354088,赵震雄,男
358894,金世佳,男
354935,Mr. Lawrence,男
8680,河正宇,男
6367,吴达洙,男
1648,安东尼奥·班德拉斯,男
443066,杨旭文,男
4530,乔振宇,男
157324,申贤俊,男
10721,张光,男
21802,孙艺珍,女
28458,周小飞,女
379275,刘畅,男
12146,邢佳栋,男
22334,张晞临,男
1016800,陈晓苹,女
6365,全智贤,女
28453,赵本山,男
28087,佟大为,男
2209,长泽雅美,女
5481,汤姆·肯尼,男
28450,王庆祥,男
28451,张晋,男
1167,马克·斯特朗,男
4447,罗里·金奈尔,男
28447,章子怡,女
12627,汤姆·古德曼-希尔,男
2208,金城武,男
27811,塔彭丝·米德尔顿,女
2970,詹姆斯·诺斯科特,男
262947,约翰·斯帕克斯,男
6204,查尔斯·丹斯,男
29731,马修·古迪,男
388199,本尼迪克特·康伯巴奇,男
29303,比尔·奈伊,男
17982,伊冯娜·斯特拉霍夫斯基,女
29500,阿伦·伊克哈特,男
25090,米兰达·奥图,女
464197,王萍,女
224212,徐经纬,男
1012485,孙博,男
1020041,陈雅斓,女
1013447,刘挺,男
28811,孙红雷,男
388368,廖娟,女
388367,郭子千,女
2884328,陈轶,
388369,曹汉超,男
1019890,林珍娜,女
1397,李佳航,男
13162,邱木翰,男
182999,商天娥,女
10590,陈志荣,男
17059,薛家燕,女
10589,陆双,女
11096,辛达·亚当斯,女
20150,佘诗曼,女
3215,李政宰,男
1019259,赵粤,女
1012286,周骏超,男
2246,约翰·德利奥,男
275241,摩根·格莉芬,女
16221,杰克·T·奥斯汀,男
29255,于波,男
119183,杜志国,男
27560,芬·维特洛克,男
2603,多姆纳尔·格里森,男
1601,亚历克斯·罗素,男
19993,卢克·崔德威,男
363541,诺亚·施纳普,男
284016,弗朗西斯卡·卡帕尔迪,女
363547,亚历山大·加芬,男
132306,比尔·莫伦茨,男
363544,玛迪辛·希普曼,女
363543,维纳斯·舒尔特海斯,女
363542,马里埃尔·希茨,女
27475,杰克·奥康奈尔,男
363545,哈德利·贝尔·米勒,女
396265,程煜,男
150047,柳德米拉·马克萨科娃,女
1042929,欧列格·缅希科夫,男
16286,盖玛·琼斯,女
16107,艾米莉亚·琼斯,女
32461,皮埃尔·柯芬,男
141420,谢尔盖·加尔马什,男
154760,奥列格·缅希科夫,男
955860,林奈·穆罕默托夫,男
403428,尼基塔·塔拉索夫,男
998139,尼基塔·库库什金,男
5883,孔维,女
29000,倪大红,男
360514,李光复,男
24787,珍妮弗·桑德斯,女
413892,鲍大志,男
11408,姬他,男
466546,米兰卡·布鲁克斯,女
289351,艾米丽·阿塔克,女
385566,艾德·斯克林,男
5010,阿德里安·斯卡伯勒,男
152982,汤姆·班尼特,男
31449,刘惠仪,女
1041110,魏梦,女
2840603,王珞嘉,
2840601,孙亿舒,女
2840602,贺睿,男
1041467,冯雪鑫,
2268181,倪新宇,男
947495,胡悦,女
2843453,叶门,
2841724,王兰,
2843454,林晓初,
2843455,叶拼,
2398782,刘冰峰,男
2860724,李劲峰,
2402097,葛凌芮,女
2860725,邹洁仪,
2860727,高志刚,
2843456,茶艾南,
2824610,崔小田,
2862518,梦颖,
2840905,叶不勒,
354210,夏子涵,女
5196,李冰冰,女
17814,尹航,女
28815,赵立新,男
18692,李易峰,男
7055,王德顺,男
354211,李宜娟,女
360223,黄幻,女
29195,赵文瑄,男
27720,吉克隽逸,女
556,陶泽如,男
488953,周强,男
9957,归亚蕾,女
468907,任铭松,女
690462,徐露,女
10714,颜丹晨,女
653,曲高位,男
12674,吴军,男
15469,何政军,男
356493,王匡,男
22658,李晓强,男
412473,安德鲁·巴肯,男
412437,于明加,女
475306,刘韬,男
18264,萧敬腾,男
25213,马克·莱昂纳蒂,男
8423,尤勇智,男
447804,查理·肖特韦尔,男
102361,罗曼·杜里斯,男
389219,查理·普拉默,男
43270,蒂莫西·赫顿,男
17556,克里斯托弗·普卢默,男
23052,凯利·阿斯博瑞,男
32586,谢东燊,男
2403821,田爽,女
2851363,方芳,女
398531,林子杰,男
460463,刘莹,女
382211,江语晨,女
123744,宋承宪,男
32810,梁颖,女
1020715,高瑞,男
9873,师悦玲,女
354253,于笑,男
354257,陈作深,男
7680,常方源,女
21360,刘沙,男
354255,李长麟,男
32809,张琳,男
32811,邓玉婷,女
32812,高全胜,男
32813,刘红韵,女
394853,冯大路,男
475090,赵一铭,男
354226,杨阳洋,男
378867,崔子格,女
417845,刘思言,女
1026736,欧弟,男
368897,孟佳,女
354254,于嘉萌,男
384074,宋家腾,男
8762,玛丽·布莱姬,女
473975,陶典,女
25467,孙佳君,女
12780,玛吉·史密斯,女
22180,于小彤,男
1166,詹姆斯·麦卡沃伊,男
4600,艾米莉·布朗特,女
28696,迈克尔·凯恩,男
2861133,朱拉拉,男
1111828,比蒂·埃德蒙森,女
2830327,陈楚洹,男
2861130,黄启航,
2861131,龚婉怡,女
2861132,张艺舰,
966,林颖,女
6627,胡夏,男
902,张欣,男
2255144,文熙,男
797,景岗山,男
29232,米契尔·哈思曼,男
2800989,胡蓉蓉,女
656,王海祥,男
2802,刘一莹,女
17360,徐冬梅,女
13514,荆民强,男
2894851,柳禹安,
2894849,叶子清,
2830225,林潇,男
1020074,英泽,女
463378,瑞米·海依,男
130007,萨姆·里德,男
374477,梅芙·德莫迪,女
11296,约翰·沃特斯,男
130910,西蒙娜·凯塞尔,女
79959,凯瑞·阿姆斯特朗,女
1022555,凯蒂·麦康奈尔,女
437,谭杰希,男
2844313,郑子寒,男
2850523,胡伊睿,
876258,周诗琪,女
669,詹妮弗·劳伦斯,女
28233,范冰冰,女
1006751,Natalya Kudryashova,
2306148,Sergey Korenkov,
2370217,Vasiliy Ignatich,
2805188,Ilya Andryukov,
357550,吴克群,男
1281352,维塔利·哈耶夫,男
122865,玛丽亚·米罗诺娃,女
677,菲利普·塞默·霍夫曼,男
676,杰弗里·怀特,男
678,薇洛·西尔德斯,女
670,利亚姆·海姆斯沃斯,男
672,伊丽莎白·班克斯,女
1597,朱丽安·摩尔,女
224023,屠洪刚,男
2742,沙溢,男
29252,吴尊,男
5321,莫合塔尔,男
1014135,Steve Boergadine,男
340,乔什·哈切森,男
10889,宁静,女
29486,吴莫愁,女
130129,沈婷婷,女
358901,赵一维,男
26354,赵小锐,男
1297,李梦,女
1018930,陆彭,男
1020443,蔡鹭,男
365626,刘俊孝,男
21355,欧锦棠,男
12130,崔始源,男
8213,陈家乐,男
6912,柯淑勤,女
28571,高圆圆,女
247162,吴若甫,男
385315,易烊千玺,男
2602,瑞秋·麦克亚当斯,女
29769,保罗·路德,男
587,袁泉,女
355748,瑞利·奥斯本,男
67594,李截,男
29657,伍允龙,男
354029,黄忆慈,女
29715,麦肯吉·弗依,女
28316,安婕·特拉乌,女
18895,杰曼·翰苏,男
6918,基特·哈灵顿,男
1835,艾丽西亚·维坎德,女
357923,明道,男
1019566,可爱宝利,
396967,唐昕,女
1022569,许龄月,女
29040,米拉·库尼斯,女
27554,道格拉斯·布斯,男
15479,特瑞·吉列姆,男
42377,玛利亚·多耶·肯尼迪,女
477183,李溪芮,女
20472,曹格,男
28746,卢克·布雷西,男
354224,曹华恩,女
5929,雷·温斯顿,男
19073,克雷蒙斯·施伊克,男
362116,马蒂亚斯·瓦雷拉,男
118105,波杰西·克里斯托弗,男
5525,勒兰德·奥瑟,男
354223,曹三丰,男
1020912,赖艺,男
128253,托拜厄斯·桑特尔曼,男
5526,强·格瑞斯,男
21271,戴尔里·林多,男
12839,池珍熙,男
25699,丹兰·布鲁诺,男
427807,刘循子墨,男
29075,法米克·詹森,女
28182,赵薇,女
29560,韩寒,男
44422,布伦南·埃利奥特,男
374679,赵肖宇,男
130188,张秉君,男
130191,孙尧东,男
374678,孟雨田,男
476459,邰勇峰,男
15173,谭笑,男
130193,万丹青,男
130194,辛媛,
3507,吕颂贤,男
374497,黄子韬,男
1019586,郑茵声,女
472750,张立东,男
355339,何穗,女
28387,姜成镐,男
164432,瑞斯·考罗,男
69712,西蒙·赫尔伯格,男
412,凯特·戴琳斯,女
129085,艾丽西娅·维拉-贝利,女
29265,高虎,男
416317,李德龙,男
1019581,陈彦允,男
1013484,简廷芮,女
4650,瑞贝尔·威尔森,女
18577,瑞奇·热维斯,男
1019584,蔡颐榛,女
17703,罗宾·威廉姆斯,男
29290,史蒂夫·库根,男
3336,欧文·威尔逊,男
5297,本·斯蒂勒,男
1013491,李玉玺,男
356774,王大陆,男
6703,王一楠,女
13523,刘金山,男
354175,热依扎,女
1016143,马镜淇,男
31525,田羽生,男
29479,徐静蕾,女
372936,戈登·亚历山大,男
7795,丛珊,女
29752,黄立行,男
374688,蔡书雅,女
389248,奚望,女
32448,马樱侨,女
29518,福里斯特·惠特克,男
25497,多格雷·斯科特,男
671,唐纳德·萨瑟兰,男
8426,吕行,男
12888,祁琪,女
385738,许娣,女
2054,埃德加·拉米雷兹,男
1018,张殿伦,男
270197,亚历山大·弗洛里斯,男
358902,雅库布·洛弗兰德,男
8209,孙海英,男
6803,齐溪,女
963,朱璇,女
9542,本·巴恩斯,男
8589,陈数,女
443067,迪丽热巴,女
19126,胡彦斌,男
28569,郑秀文,女
238,亚历山大·佩特罗夫,男
314982,克谢尼娅·拉波波尔特,女
537375,欧克萨娜·范德拉,女
1090344,帕维尔·迈科夫,男
1983153,伊琳娜·斯达申鲍姆,女
2804926,柳波芙·阿克肖诺娃,
2739,朱亚文,男
130005,吉姆·帕森斯,男
403425,维伦·巴比切夫,男
29773,罗比恩·蕾哈娜·芬缇,女
33751,史蒂夫·马丁,男
2130808,彦·萨普尼克,男
105,詹妮弗·洛佩兹,女
127375,米洛斯·比柯维奇,男
128192,马特·琼斯,男
1307642,瑟妮娅·拉芙洛娃-格林卡,女
2394268,敖磊,男
385055,刘琮,男
2846639,杨希,
2846089,张云龙,
2843182,陈红,女
885827,贾小军,男
159067,涩川清彦,男
126762,三浦诚己,男
106353,藤原纪香,女
1788,季晨,男
387868,朱子岩,女
611120,李庆友,
11335,斋藤工,男
36692,伊藤步,女
287195,平山浩行,男
127214,黑泽明日香,女
1029330,萩原实里,女
73570,志贺广太郎,男
11336,柄本明,男
160881,大地康雄,男
986744,志尊淳,男
11897,大野拓朗,男
29289,郑肯,男
4521,赵毅,男
38601,深津绘里,女
13486,岑勇康,男
215149,葵若菜,女
14361,黄少祺,男
442507,卢海华,男
371455,水野索诺娅,女
466471,葛子铭,男
1403,李幼斌,男
258252,泉泽祐希,男
1406,侯天来,男
413375,王力可,女
27664,吴育刚,男
3226,嘉玛·陈,女
2253567,奥卡菲娜,女
1881938,亨利·戈尔丁,男
16160,杨紫琼,女
29041,米歇尔·威廉姆斯,女
230385,康斯坦斯·吴,女
346373,马诺洛·拉玛,
2829946,罗伯特·冈萨雷斯,
10061,米歇尔·珍娜,女
104731,费尔南多·特赫罗,男
28389,埃尔莎·帕塔奇,女
987307,丹尼·罗维拉,男
244906,吉列尔莫·罗梅罗,
28070,姜潮,男
6642,霍利·格林格,女
20082,德里克·雅各比,男
29097,海伦娜·伯翰·卡特,女
28060,索菲 麦希拉,女
15393,海莉·阿特维尔,女
354247,陈都灵,女
5584,莉莉·詹姆斯,女
28059,理查德·麦登,男
415,斯特兰·斯卡斯加德,男
287895,李建义,男
354047,沈腾,男
394235,秦丽,女
8757,程伊,女
19062,水田山葵,女
390000,包文婧,女
19063,嘉数由美,女
4441,丹尼尔·克雷格,男
388516,刘芮麟,男
19065,大原惠美,女
19721,凯特·玛拉,女
18553,阿卡塞尔·亨涅,男
29553,迈克尔·佩纳,男
18124,李媛,女
382514,草原狼,
4603,杰夫·丹尼尔斯,男
354851,图门巴雅尔,男
80137,杰克·达文波特,男
354580,汉娜·奥斯特罗姆,女
27547,昂和妮玛,女
354852,包海龙,男
388515,锡林都乐,男
29761,巴多,男
18844,房子斌,男
2142,蕾雅·赛杜,女
4443,娜奥米·哈里斯,女
39111,莫妮卡·贝鲁奇,女
12866,马克·哈米尔,男
126579,斯黛芬妮·西格曼,女
4445,拉尔夫·费因斯,男
345,克里斯托弗·沃尔兹,男
381338,马东延,男
566,石兆琪,男
162870,雅奇·潘嘉比,女
355213,阿特·帕金森,男
355214,雨果·约翰斯通-伯特,男
25973,艾恩·格拉法德,男
1343,亚历珊德拉·达达里奥,女
288680,科尔顿·海恩斯,男
22001,大卫·达斯马齐连,男
27468,娜塔莉·伊曼纽尔,女
29654,王晶,男
28382,保罗·沃克,男
28410,杰森·斯坦森,男
28385,米歇尔·罗德里格兹,女
28386,乔丹娜·布鲁斯特,女
406963,陆建艺,男
29575,葛民辉,男
28116,冯勉恒,男
223922,赫敏·科菲尔德,女
89,肯·斯托特,男
4351,戴奥·奥柯奈伊,男
83,詹姆斯·内斯比特,男
224148,艾米莉亚·克拉克,女
28738,李秉宪,男
280370,马特·史密斯,男
2806616,许登宇,
19643,西蒙·迈克伯尼,男
2806615,方菲菲,
250063,T.I.,男
20069,布莱丝·达拉斯·霍华德,女
224249,尼克·罗宾森,男
128250,丽贝卡·弗格森,女
2806612,刘笑竹,
4739,寇瑞·斯托尔,男
6438,亚历克·鲍德温,男
925,文森特·多诺费奥,男
28503,西蒙·佩吉,男
4041,肖恩·哈里斯,男
28951,李光洁,男
28229,泰·辛普金斯,男
2806618,何长津,
8470,文·瑞姆斯,男
3190,伍德·哈里斯,男
21602,唐嫣,女
1028692,常索妮,女
13055,傅冲,女
598838,姜少华,男
415532,钱漪,男
596423,孟秀,女
3387,庹宗华,男
18069,英壮,男
29523,珍尼希斯·罗德里格兹,女
15221,詹姆斯·克伦威尔,男
28604,丹尼尔·亨利,男
354206,凯蒂·麦克格雷斯,女
28365,金燕玲,女
28950,钟汉良,男
261144,劳伦·拉普库斯,女
891,斯科特·安第斯,男
29593,亚伦·泰勒-约翰逊,男
8848,T·J·米勒,男
354323,王若心,女
29697,杰米·钟,女
2700,伊丽莎白·奥尔森,女
336102,小达蒙·韦恩斯,男
4513,艾德里安·布洛迪,男
32837,崔杰,男
398533,吴迪,女
69,马丁·弗瑞曼,男
71,理查德·阿米蒂奇,男
73,伊万杰琳·莉莉,女
72,李·佩斯,男
8349,约翰·库萨克,男
361313,滕奎兴,男
10371,童自荣,男
114246,吴文伦,男
361305,吉吉,
472173,张磊,男
29372,金巧巧,女
28437,姜大卫,男
5300,杰西卡·查斯坦,女
29129,马特·达蒙,男
28383,道恩·强森,男
21353,林嘉华,男
6436,恭硕良,男
28186,赵又廷,男
354110,瑞恩·波特,男
1405,马晓伟,男
1038647,李昇炫,男
12861,宫野真守,男
10871,安泽豪,男
29354,高军,男
2802278,莫涂弘哲,男
361413,赵炳锐,男
2892042,薛鹏,男
29489,莫少聪,男
459873,殷旭,女
884811,宋之光,
361428,阎青妤,女
369114,褚栓忠,男
2846579,王建国,
9773,艾米·舒默,女
1035410,孙家文,男
724797,孙丹丹,女
2835270,许喵喵,女
2835113,蒋敏斐,
2835114,脑门额尔德尼,
2840825,郝星棋,女
2836548,李畅,男
2403015,陈奕鸣,男
2835112,范泽威,
13987,中井和哉,男
2830438,王安琪,女
7210,樱井孝宏,男
198,花泽香菜,女
400870,梶裕贵,男
136892,诹访部顺一,男
264119,三宅健太,男
148970,杉田智和,男
6432,余安安,女
2831712,蔡宛珊,女
781,郑欣宜,女
5392,白冰,女
130147,张亮,男
2831711,李笑男,李笑男
17063,江欣燕,女
70537,林建明,女
618,吕良伟,男
15653,李非,男
2397404,凌文龙,男
8593,李健仁,男
9129,黄一山,男
1037990,金刚,男
1032503,艾晓琪,女
661,陈浩民,男
20169,刘美君,女
30858,顾长卫,男
403370,张优,男
2806725,廖成霖,男
2806726,严忆琳,女
2806727,何志龙,男
2848609,金逸文,
2848615,许金权,
1152857,曾漪莲,女
2401327,余爱笑,女
2401328,董海歌,男
2401329,张佳浩,男
3511,王晨,女
2807008,高寒,男
2806724,高嵩,男
404251,林晨,女
400473,魏星,男
404250,蒿怡帆,女
26446,王昭,男
404253,蒿怡霏,女
404254,徐小琴,女
1529087,伊娃·坤,女
395134,王婷,女
475508,沈凯," class=""tag"">暖男"
1156274,曼纽尔·卡马科,男
2895805,张金胜,
394810,安乙荞,女
128156,高婷婷,女
684835,孙乐,男
3704,曾江,男
26433,叶萌,女
153843,托比亚斯·莫雷蒂,男
421951,关婷娜,女
2828754,亓小飞,男
2828753,陈菲,女
1016157,陈菲,女
1032678,黄玥程,
15172,魏子涵,男
379498,沈建宏,男
2828752,康潇诺,女
2841673,谢梦华,
12210,汤晶媚,女
2842111,李卫东,男
2854412,杨一凡,男
2854405,齐迹,男
2854413,张公乐,
2854415,曾芳婷,女
2854414,高鸿炜,
816661,塞缪尔·默瑟,男
155483,艾瑞克·鲍尼恩,男
1986320,西里尔·迪雷尔,男
2401782,苏珊娜·罗尔特-巴利特,女
2401464,代佳夕,女
2854427,樱雪,
1023,彼得·萨斯加德,男
1035385,萨拉·维哈根,女
7574,格蕾塔·葛韦格,女
1999124,米歇尔·贝尔,男
1750,约翰·赫特,男
2818,马克斯·凯塞拉,男
449406,Marla Aaron Wapner,女
29634,李晨浩,男
29658,童菲,女
272861,罗宾·希纳西,男
9495,比利·克鲁德普,男
2392503,阿拉蕾雅涵,女
2800840,周宗禹,
48981,玛丽·布奈尔,女
2854440,濮心宇,
410,娜塔莉·波特曼,女
1014224,梁辰羽,男
2800839,强光宗,男
2831962,张艺文,
2831205,唐本,女
1026190,文松,男
2848078,哈士奇,
16495,余皑磊,男
1412,啜妮,女
2848079,拉布拉多,
2848077,法斗,
2848080,博美,
428501,罗里·斯卡沃,
2408126,王艺明,男
2853881,耿杨,
2373944,蓝波儿,男
127739,艾米丽·拉塔科斯基,女
15658,贝茜·菲利普斯,女
476392,艾迪·布莱恩特,女
60031,娜奥米·坎贝尔,女
11227,吕晓霖,女
2853882,周峰,男
388010,汤姆·霍珀,男
551,梁天,男
1019866,曹晏豪,男
2825714,宋四维,女
2153732,刘颖颖,女
130222,宋睿,女
2825712,王乃训,男
2153148,李素云,女
2886585,瀚墨,
395133,万国鹏,男
11996,让·雷诺,男
2189367,赵艺,
2886616,KIKI,
2153756,曾淇,女
2392523,江森,男
2886574,囧森瑟夫,
2840877,陈快乐,
2853967,吴璇,
358895,胡大中,男
2818002,王子航,男
2818003,李哲羽,女
2818004,张敬阳,男
2818119,朱德丽,
2403443,陈泽帆,
1039992,徐子力,男
164266,赵静,女
2835111,刘磊,
2831363,屠画,女
2835313,曹祎诺,女
2828751,奶瓶,
2835311,戚砚笛,女
19184,保剑锋,男
2835312,徐一娢,女
445602,康亢,男
2835314,秦佳,女
2835315,李小彤,
2401869,潘兴源,男
442401,董晴,女
359344,于湉,男
2831362,龚芳妮,女
2397967,吴鹤谦,男
29686,王梓轩,男
380423,林耀声,男
2845242,邓加乐,男
29641,廖启智,男
2818001,周庚禹,
2835110,王勇,
2840911,郜玄铭,男
38600,大竹忍,女
2836395,曹菡,
38569,远藤宪一,男
2853879,庞贝童,
179543,渡边绘里,女
128663,韩素媛,女
1154513,秦语,女
92979,佐藤二朗,男
9959,神木隆之介,男
117680,天海祐希,女
10353,小日向文世,男
288949,满岛光,女
392015,麦迪娜,女
449418,张子文,男
16364,何云伟,男
357019,飞儿,女
29662,杜宇航,男
2084,赵文卓,男
19838,陈国坤,男
2392694,书亚信,男
360432,于莎莎,女
372868,查尔斯·格林,男
126564,洪辰,女
375775,洛伦扎·伊佐,女
1152823,曾一竣,男
413218,孙骁骁,女
4730,程媛媛,女
2392852,陈哲远,男
28191,包贝尔,男
2153820,李龙基,男
29276,洪天明,男
34448,凯尔·麦克拉克伦,男
1021745,刘颖仪,女
2403177,张若星,
2427,考林·加普,女
2357773,纪尧姆·达尔诺,男
668224,鲍里斯·雷林格,男
888133,席琳·荣特,女
721720,纪尧姆·布谢德,男
1301174,达米安·维特卡,男
836260,安托万·苏姆斯基,男
1915995,卡梅尔·阿卜德萨多克,男
266841,让·卢·霍维茨,男
450856,欧文·瓦卡罗,男
230214,芮妮·戈兹贝里,女
445075,桑尼·苏尔季克,男
4986,安迪·比克维奇,男
2875524,彭士腾,
996,聂远,男
2875526,达丽雅,
255904,郑卫莉,女
225,弗拉季米尔·弗多维琴科夫,男
1038786,刘一龙,男
2818480,王韬,男
1038003,伊莉莎,女
250810,加布里埃尔·伊格莱西亚斯,男
29433,艾伦·卡明,男
7327,娜塔莎·雷昂,女
4209,威尔·阿奈特,男
28394,克里斯托弗·布莱恩·布里奇斯,男
29450,沙奎尔·奥尼尔,男
28708,迪莉娅·谢泼德,女
2300284,阿格莱亚·塔拉索娃,女
22572,徐洪浩,男
354007,张璐,女
10449,上户彩,女
28376,刘仪伟,男
21959,罗海琼,女
1206,连凯,男
3547,陈意涵,女
4523,李易祥,男
1234,李依玲,女
1151786,樊野,男
1031235,田玉奎,男
2888208,叶思妍,
439,陆翊,女
2888089,王廷辉,
2392893,贾明瑛,女
2403584,胡军,
2888203,梁海韵,
2846039,橘猫,
2846035,本古,
2855109,沃拉里·范伽罗马,
2846037,疯子,
2855112,拉齐布·亚姆森,
1036285,布朗特·乌斯塔曼,男
2846033,小狮子,
2846036,杜曼,
29660,蒋璐霞,女
2846038,无忧,
2392882,王小岩,女
2403906,王雨甜,男
2855106,萨维提·苏提查农,
879718,刘健,男
2843288,郑懿,
2392335,张星阑,女
2843274,施海涛,
2829578,王达,
2855102,卡诺查·曼雅德昂,
2806509,杨思明,
948406,白石晴香,女
2864256,陈颖晖,
2864261,彭师欣,
2864258,林美玉,
2408984,唐雅菁,女
2153278,梁达伟,男
396153,刘国光,男
13847,周波,男
2153104,陈雨锶,女
6814,周云蓬,男
2844831,宋天湙,男
381196,艾尚絮,女
2845873,吴洋,女
884184,臧鸿飞,男
2846091,德尼兹,
129344,赵成顺,男
354008,林强,男
1392,苗苗,女
380092,梁晓强,男
360222,尹昉,男
12151,娜仁花,女
3665,刘康,男
1154172,钟卫华,男
884832,陈依莎,女
2805870,刘戈滨,男
2801902,徐晨耀,男
2897043,王雨晗,
2810561,意辰,
1021560,于文文,女
2846798,李彦锋,男
2804245,张赫,男
471208,江美琪,女
88936,苏照彬,男
1025617,吴济如,
1152487,徐晓璐,女
2399476,伍宇辰柠,女
6456,代乐乐,女
401708,张美娥,女
2854345,滕艺,女
29179,王力宏,男
100200,光良,男
20473,梁静茹,女
2178798,屈楚萧,男
2398747,叶子诚,男
1155664,健子,
2831717,李景良,
2892766,玛尔江.巴依吐肯,
2403223,贲蓝琪,女
1019405,孔垂楠,男
2861082,孙雨乐,
2895241,迪力亚·阿肯巴尔,
36703,杉本哲太,男
806,邵峰,男
142549,药师丸博子,女
242299,郭伊娜,女
1153281,迪丽达尔·热夏提,女
2804663,张楠,男
1015862,卡米然·卡米力,男
1015854,古丽米娜·麦麦提,女
415300,黄俊鹏,男
355800,金星,女
1154145,阿卜力克木·阿卜来提,男
2895240,艾力扎提·麦麦提依明,
1152283,远明,男
375556,古馆宽治,男
2894941,尹焕章,
2894942,宋龙超,
2894945,张天义,
2847571,吴铭,男
1504253,宋金,
2894924,胡兆翠,
2894935,康昕,
2894939,黄媛媛,
2392530,程爽,女
10451,北村一辉,男
19384,杰瑞米·埃尔卡伊姆,男
35490,海伦·文森特,女
354244,胡瑞杰,男
285421,安迪·吉雷,男
378971,阿丽斯·德·朗克桑,女
2392165,戴璐瑶,
20882,土屋太凤,女
113419,吉田钢太郎,男
1265,何明翰,男
384657,浜野谦太,男
1019909,雷诺·科恩,男
1039990,石安妮,女
2135,王芊,女
2801978,周凯,男
1032588,陈震,男
597695,陈红光,男
1031202,张涵,男
2373936,王艺伦,
224197,菅纫姿,女
413910,陆玲,女
1156323,中村友梨香,女
39013,堀部圭亮,男
27999,桥爪功,男
262782,齐藤由贵,女
2894923,李安甫,
400888,松冈依都美,女
370515,宋禹,男
115801,李恒,男
2884495,董博先,
358959,广濑铃,女
957749,满岛真之介,男
164607,市川实日子,女
27895,克里斯汀·芭伦斯基,女
9928,杰瑞米·艾文,男
472733,亚历克萨·戴维斯,女
2908,梅丽尔·斯特里普,女
23515,役所广司,男
393029,杨凯迪,女
599036,穆丽燕,女
3136,福山雅治,男
1011989,矢本悠马,男
438300,上地雄辅,男
2183334,森下大地,男
610,温海波,男
1031203,白海涛,男
708016,樱田通,男
358292,丁丁,女
423139,朱泳腾,男
1031450,余薇薇,女
2592,小栗旬,男
2165147,滨边美波,女
172820,北川景子,女
2373617,卢卓,男
1033990,大友花恋,女
401644,北村匠海,男
9878,彭敬慈,男
223928,栾元晖,男
2845994,刘锦,男
652,杜奕衡,男
1028671,初俊辰,男
2863,周知,女
8590,奚美娟,女
2213430,何乙轩,女
401724,李运佳,男
215018,周舟,男
376744,黄娟,女
2850733,李延,
2845993,杨坤锐,男
401726,王渊,男
278633,王正佳,男
900403,海拉提·哈利木,
5603,许还山,男
2821582,玉米提,
9465,理查德·艾欧阿德,男
5887,蒂莫西·斯波,男
1037354,梦丽,女
421960,刘小光,男
475094,李木子,女
442568,麦茜·威廉姆斯,女
243685,约翰尼·维加斯,男
169877,吉娜·亚谢尔,女
224108,董琦,女
2800102,李东艾,女
2153733,海佟,男
3608,万梓良,男
16290,马克·威廉姆斯,男
2841289,汪智潮,男
2841288,魏冰洋,男
2841287,姜玉铬,男
1157749,晨梓妍,女
2829577,曹恺,
2806507,曹寇,男
2803384,薛峰,男
128600,佐藤健,男
2398791,李天佑,男
812,夏梓桐,女
2806508,朱昌龙,
7630,龙泽,男
1013981,叶新晨,女
2802094,陈栩豪,男
2854286,刘思童,男
7628,丁汀,男
7629,飞龙,男
7624,叶青青,女
402583,孟宇,男
2840994,杨光普照,男
29620,基努·里维斯,男
2830851,张喆,女
7627,王仲欣,女
1031263,朱文超,男
26368,何赛飞,女
7625,顾莉雅,女
13841,王洛勇,男
2860143,朱兰琪琪柯,
2846165,恩和森,男
383883,梅根·弗格森,女
32957,杰克·康利,男
32573,盖里·巴萨拉巴,男
126837,迈克尔·科恩,男
262372,茹萍,女
28631,马伊琍,女
1014419,郭笑,男
1015773,诺亚·尤佩,男
164284,神谷浩史,男
2856812,陈子平,男
2856810,吴旭,
58059,崔志刚,男
2870062,张嘉庆,
2854290,陆皓捷,
2854288,冯妮娜,
128692,格伦·弗莱施勒,男
267693,小野大辅,男
886727,小野友树,男
2826706,许言,女
2873684,曾翔飞,
215,胡可,女
397040,刘家瑜,女
21906,刘永生,男
413510,王亚军,女
2268100,杨璨地,女
2870311,范宇宸,男
13898,殷桃,女
1013555,谢林彤,女
894135,马岩,男
427938,艾莉亚·莱蕊克·勒布,女
2865682,Luna Campbell,女
2865678,Zac Beresford,
2855208,Alan Gatagov,
34681,蔡卫东,男
1213199,Aleksandr Ilin,
2402142,巴金旺甲,
448130,庄庆宁,女
673,山姆·克拉弗林,男
1024387,宦普凡,男
2844444,张风,男
656839,Igor Gordin,
2875067,李先亮,
12631,汤姆·费尔顿,男
3284,布莱德利·惠特福德,男
2765,杰拉丁妮·詹姆斯,女
16322,拉蒙·罗德里格兹,男
40205,威尔·帕顿,男
2850618,伊琳娜·戈尔巴乔娃,女
1955,克里·约翰逊,男
46082,伊丽莎白·霍桑,女
87,杰弗瑞·托马斯,男
603539,安德烈·斯莫利亚科夫,
3674,刘奕,男
46279,埃迪·法可,女
358183,奥莉亚·祖耶娃,女
357036,坦娅·范·格拉恩,女
33795,哈基姆·凯-卡西姆,男
7815,马克·阿什沃斯,男
4601,许晴,女
1969683,珍娜·厄普顿,女
389337,娜塔莉·博尔特,女
13763,鲁特格尔·哈尔,男
12283,弗拉基米尔·伊利因,男
128753,罗伯特·普拉尔戈,男
7189,艾丹·怀托克,男
1041109,牛骏峰,男
7150,利亚姆·坎宁安,男
377695,麦肯泽·摩斯,女
22198,戴德里克·巴德,男
12982,乔治·纽伯恩,男
28888,约翰·拉岑贝格,男
54840,奥巴·巴巴图德,男
1031773,吴谨言,女
2401434,赵健雷,男
2865634,Tami Ashcraft,
2865672,Kael Damlamian,
1799268,Grace Palmer,女
283008,玛丽-克莉丝汀·达哈,
1004,勃小龙,男
1267575,菲利普·波佐,
178579,Emmanuel Curtil,男
989506,劳伦·默度,
602064,帕斯卡尔·卡萨诺瓦,
247046,席琳·蒙萨哈,
2834426,弗朗兹·康菲艾克,
257114,艾朗·多瓦尔,
64033,杰德·瑞斯,男
7112,卡拉·吉门内斯,女
44866,汤姆·艾弗瑞特·斯科特,男
2891459,Kho Siew Ching,
72938,大卫·德路易斯,男
73279,贾丝婷·克拉克,女
169722,山下智久,男
318805,科斯马·席瓦·哈根,女
3267,柯蒂·斯密特-麦菲,男
2853950,姜泰式,
16285,米瑞安·玛格莱斯,女
358710,可可·杰克·吉利斯,女
29851,迈克尔·帕帕约翰,男
20275,理查德·劳斯伯格,男
163957,安迪·麦克菲,男
625,陈国邦,男
354225,Feynman Ng,男
2406818,华雯,女
2834880,徐丞骏,男
2288058,Sam Winspear-Schillings,男
109760,Tiriel Mora,男
316517,斯蒂芬·戴维斯,
85676,琼妮·萨缪尔,女
223854,蔡洁,女
1706,果靖霖,男
5291,田蕊妮,女
1023653,方清平,男
2828778,林晓东,
2233758,李东昌,男
2378965,乔丹·杜力乌,男
2378723,Annabel Wolfe,
200099,Beth Champion,男
2845094,Tom Rooney,男
337076,Christopher Gabardi,
1159105,廖越,女
696175,保罗·鲍恩,
2856791,王槊,男
2828776,黄梁宇,
578375,林兰,女
29411,岳小军,男
361321,张遥函,男
2828777,刘帅,
1153667,杨天翔,男
1338,沈伐,男
2830324,陆庚宜,女
29735,杰基·韦佛,女
388600,王旭峰,男
2868349,王旭峰,男
1041365,朱耕佑,男
163053,尼亚切·海邓迪,男
85496,桑娴·洛格罗诺,女
2085,王学兵,男
28694,摩根·弗里曼,男
69858,苏菲·格拉宝,女
78637,丹尼斯·史托霍伊,男
135224,罗夫·拉斯加德,男
28508,爱丽丝·伊芙,女
11139,托马斯·米德蒂奇,男
13848,艾米丽·阿琳·林德,女
276640,恩杰伊·安东尼,男
443959,李国煌,男
127134,杨雁雁,女
2855282,黄炜杰,
391906,皮弗,男
2855283,曾冠源,
2855284,拿督罗斯彦诺,男
2858817,潘思慧,女
345871,托马斯·阿克达,男
2805928,李侥,
2805952,惠龙,
2826689,李可,女
2828850,张双兵,
2176582,李宗伟,男
2827836,高冷喵,
23329,王挺,男
2805920,孙祖君,男
2805929,邱秋,女
2826688,张世民,男
7776,鲁园,女
1018776,凌振赫,男
361328,张震,男
2827832,萌猪,
284326,约书亚·胡佛,男
2827834,大鹅,
2293,克里斯蒂安·麦凯,男
451951,罗伯特·沃克·布兰乔德,男
70390,克里斯蒂·米切尔,女
54117,简·默勒尼,女
27086,王心刚,男
27085,王晓棠,女
2854218,于洋,男
7065,祝希娟,女
9049,朗贝尔·维尔森,男
2818787,卢秋宏,女
1404,冯恩鹤,男
354849,张永达,男
982079,杉咲花,女
6036,阿努潘·凯尔,男
2801944,杨俊生,男
193366,纳赛尔,男
1021149,拉姆亚·克里希南,女
1152681,布米·佩德卡尔,女
892863,迪韦严杜·沙玛,男
13473,萨钦·克德卡,男
28698,科曼,男
350706,拉什·沙玛,男
324994,Sudhir Pandey,男
16377,郑昊,男
340421,塔尼克拉·巴拉尼,男
920632,特曼娜·芭蒂亚,女
1021150,挲塞亚拉杰,男
1151121,莎娜·可汗,女
1021152,苏迪普,男
6528,丹尼·德维托,男
17375,詹姆斯·柯登,男
128180,吉米·塔特罗,男
396684,王燕华,女
507,周南飞,男
2859378,瞿巍,
28646,查宁·塔图姆,男
2833790,戴文·贝利·格里芬,
1995102,格林汉姆·豪斯蒂德,
762333,Igor Kharlamov,
2834130,萨马拉·娜耶姆,
10156,蒋可,男
2401266,王衡,男
32752,游军,男
2843565,饶子君,
2861293,土旦巴桑,
25269,张国荣,男
2861292,蔡宇,男
6541,张歆艺,女
2861295,李祥龙,
475380,夏晋,女
23238,瓦内莎·约翰逊,女
2806538,劳里·海梅斯,女
2861294,次仁顿珠,
19618,张曼玉,女
21545,潘迪华,女
28446,梁朝伟,男
201058,Danilo Antunes,男
201059,Hung Mei-Mei,男
2090602,洛瑞·加纳,
392100,周柏豪,男
758,张继聪,男
39219,陈希圣,男
419345,何达,男
28968,佐伊·克拉维兹,女
28464,张智霖,男
371142,卡勒姆·特纳,男
28634,郑嘉颖,男
2805119,栢天男,栢天男
645,谭耀文,男
29723,夏嫣,女
1152670,彭昱畅,男
29273,任重,男
29197,邬君梅,女
14273,徐光宇,男
19220,姜宏波,女
1019263,赵今麦,女
2834921,孙泽源,男
2808217,辣目洋子,女
2818392,刘冠毅,男
2834910,方翔锐,男
2863046,朱丹妮,女
3578,鲍勃·奥登科克,男
2863042,任敏,女
2863043,辛云来,男
2863045,章若楠,女
42744,伊莎贝拉·罗西里尼,女
24723,莎拉·沃威尔,女
24718,伊莱·富西尔,男
144122,沙拉蒂·瑟斯纳,男
4690,钱嘉乐,男
28632,谢天华,男
26131,林晓峰,男
2268067,魏允熙,女
776,仓田保昭,男
3616,霍利·亨特,女
2848128,赫克·米尔纳,男
28486,凯瑟琳·基纳,女
773,张雅玫,女
14324,卡琳娜·卡普,女
2730,谭卓,女
2398145,邓恩熙,女
9187,欧姆·普瑞,男
3523,秦昊,男
1023643,哈莎莉·马洛特拉,女
1023641,纳伊姆·汗,男
394732,慧明,男
1023640,凯姆利什·吉尔,女
2897107,边天扬,男
424670,阿图·斯里瓦斯塔瓦,男
357068,杜江,男
2801499,马斑马,男
15434,约翰·威斯利·查特曼,男
239326,文森特·杨,男
13688,阿什利·库萨托,女
2151358,苏尚卿,男
1013543,王一博,男
2861616,段艺璇,
1038146,伍嘉成,男
2818403,艾菲,女
20269,瑞恩·柯万腾,男
8930,杰米·金,女
397388,梅丽莎·博洛纳,女
16277,拉尔夫·尹爱森,男
77837,本·克劳斯,男
1591968,杰米·安德鲁·卡特勒,男
372865,艾德·伯奇,男
9184,阿克谢·库玛尔,男
28207,黄晓明,男
190351,杰西·麦特卡尔菲,男
32858,克里斯蒂安·孔特雷拉斯,男
5523,玛姬·格蕾斯,女
1011477,拉纳·达格巴提,男
1013134,帕拉巴斯,男
1021147,安努舒卡·谢蒂,女
330,李扬,男
250546,杰森·格里菲斯,男
474588,孟鹏,男
64119,劳尔·特鲁希洛,男
29671,托马斯·曼,男
9468,艾琳·莫里亚蒂,女
29133,迭戈·卢纳,男
2426,伊丽莎白·霍尔姆,女
4853,迈克尔·帕克斯,男
10002,威廉姆·H·梅西,男
28237,戴尔·迪奇,女
447206,李昌熙,男
28947,古天乐,男
400920,叶豪,男
128679,李峥,女
394377,丁汇宇,男
2838869,卫晓光,男
1039251,徐千京,女
1039248,郭亚菲,女
402852,徐鸥仪,女
631,吴启华,男
2393344,何军,男
453,罗家英,男
1645,梅尔·吉布森,男
1040759,青云,男
1040755,夏倚轩,女
403461,黄珊珊,
1040758,木偶,女
1036648,李奔,男
1040754,阿飞,男
1040757,李文翰,男
1040756,呱呱,女
1038740,蒋林辰,
3613,朱珠,女
3947,谢楠,女
2863041,赵英博,男
29200,张子枫,女
1040267,明婧,女
1040266,小玉,
5816,泰勒·席林,女
20008,阿格妮丝·迪恩,女
1085185,迪耶戈·博内塔,男
5388,史蒂芬·克里,男
412308,于和伟,男
364,罗莎·萨拉查,女
394737,赵达,男
11997,吉安卡罗·埃斯波西托,男
354058,李起弘,男
13428,萨尔曼·汗,男
14070,德克斯特·达登,男
23840,托马斯·布罗迪-桑斯特,男
3723,艾丹·吉伦,男
19659,派翠西娅·克拉克森,女
29250,郑伊健,男
24716,格雷格·T·尼尔森,男
2753,段博文,男
28608,徐峥,男
2594,苍井优,女
13257,瑛太,男
10344,广末凉子,女
9916,濑户康史,男
2267824,佐野勇斗,男
1012627,永野芽郁,女
363051,新垣结衣,女
14870,奥古斯特·迪赫,男
439787,汉娜·斯蒂尔,女
93570,亚历山大·吉尔,男
997462,铃木梨央,女
769358,山下莉绪,女
173127,史特凡·柯纳斯克,男
2884,薇姬·克里普斯,女
83900,奥利维埃·古尔梅,男
1023172,陈霖生,男
25642,周华健,男
374495,山田凉介,男
3137,尾野真千子,女
1025376,村上虹郎,男
289204,成海璃子,女
9899,林遣都,男
182426,萩原圣人,男
2800440,杨砚铎,男
2830174,李宇峰,男
1829026,莱昂纳多·利马·卡瓦柳,男
3340,科尔姆·米尼,男
20502,索·豪黑,男
1637314,玛丽安娜·巴尔沙,女
120602,贝利,男
23224,伊凡·弗拉内克,男
129284,迈克尔·布兰德纳,男
2022,迪恩·诺里斯,男
65307,金伯莉·伊丽丝,女
17301,博·纳普,男
1899557,卡米拉·莫罗,女
22,罗尼·吉恩·贝尔维斯,男
8607,可比·毕丝·布兰顿,女
35641,汉斯-尤韦·鲍尔,男
2825460,刘波,
99712,古斯塔夫·彼得·沃勒,男
19450,Martin Schneider,男
134026,诺波特·海斯塔卡姆,男
463451,Nina Hagen,女
2825459,田波,
2825783,闻天,
10641,伊丽莎白·苏,女
332727,Boris Aljinovic,
2889199,王博,
504323,Mirco Nontschew,
19446,拉尔夫·施密茨,男
2889156,穆雪婷,
2889161,李郝瑞,
2889158,徐思琦,
2889160,吕梦瑶,
1024232,吕佩玉,女
939817,弗兰克·盖思堂彼得,男
438,吴俊余,男
2834192,郗婧妍,女
594,吴昱瑶,女
1016296,刘梦梦,
1016304,靳锦,男
2834132,尹雨航,女
1017815,袁福福,男
2818517,武皓栋,
1013749,殷筱瑜,女
2818518,李蝉妃,
572,赵乾景,男
596,李现,男
13320,刘敏涛,女
13525,姜超,男
472775,李霄云,女
1152905,安笑歌,男
2835605,吴宥萱,女
127306,萨巴纳·奥扎尼,女
88661,朗齐·贝迪亚,男
128727,马利克·班泽拉,男
20938,茂萨·马斯克里,男
1793055,夏洛特·加布里斯,女
25149,爱德华·蒙多特,男
2862600,塞尔维托·埃斯波西多,
25146,伯纳尔·法西,男
23110,苗侨伟,男
2583,马雷塞·克伦普,男
412442,阿米特·萨特,男
32804,布拉汉姆·艾克巴赫,男
19072,罗恩·斯穆安伯格,男
18735,张可颐,女
1659,马克·扎罗,男
382848,泰伦·伍德利,男
14636,兰迪普·弘达,男
24168,杰森·庄,男
2826985,陈芊桦,女
2392382,张艺上,女
2121,冯嘉怡,男
2855093,图卡,
22990,瑞恩·约翰逊,男
2865714,林俊鑫,男
382502,聂鑫,女
2865716,周素琴,女
11891,要润,男
33080,智一桐,男
593,代旭,男
2896553,周珍,
174484,克里斯·柯林斯,男
1033780,李一桐,女
2802468,李聪,男
2865712,郑鹏生,男
2401466,张咏娴,女
2802901,李树浩,男
381192,黄诗佳,女
448135,曹馨月,女
2865717,苏细珍,女
2865720,陈昱曦,
5963,凯南·鲁兹,男
25619,凯尔希·格兰莫,男
4762,肖恩·雅克博森,男
162569,大仓孝二,男
1032420,斯黛芬·道森,女
30018,中村玉绪,女
374282,室毅,男
2865718,陈锦标,男
3512,堤真一,男
10343,堺雅人,男
128602,田中泯,男
377109,安藤樱,女
475007,高畑充希,女
45602,泰雅·迪格斯,男
29711,帕特里克·威尔森,男
47344,乔纳森·班克斯,男
924,山姆·尼尔,男
19994,伊丽莎白·麦戈文,女
385321,基连·斯科特,男
249407,沙扎德·拉蒂夫,男
2865708,郑润奇,男
455489,奥卓·阿杜巴,女
27499,克里斯汀·肯诺恩斯,女
5482,塔拉·斯特朗,女
29710,维拉·法梅加,女
462959,阿什莉·鲍尔,女
74374,安德莉亚·利布曼,女
1158141,巴森,男
8873,巴音,男
283728,达尔曼德拉·吉尔,男
1651785,Sunil Vishrani,
29649,张恒,女
647,那威,男
3367,列维·施瑞博尔,男
28829,阿米特巴·巴强,男
2402688,邹元清,女
13462,里希·卡普尔,男
1768148,吉米特·特里韦迪,男
6800,廖学秋,女
2803278,科宇·兰金,男
27708,鲍勃·巴拉班,男
1829049,凯文·德·保拉,
391902,李鸿其,男
29257,邵兵,男
494911,Otto Waalkes,男
29391,孙绍龙,男
58057,孔琳,女
2403682,彭梓桁,男
29341,杨晨,女
993042,王宁,男
29393,郭京飞,男
2841546,王有亮,男
2827392,窦一村,男
2827386,恽小刚,男
382606,杨梓邑,女
14653,白歆惠,女
2841563,屈峰,男
2841509,纪东歌,女
2841576,张旭光,男
2841459,王津,男
428259,安宰贤,男
16987,安娜·弗莱尔,女
170994,克莱尔-霍普·阿什蒂,女
16171,迈克尔·恩奎斯特,男
2803063,孔艳菊,女
29258,安以轩,女
455354,宋佳洋,男
435,方中信,男
376702,叶一茜,女
28610,黄一飞,男
29684,陈小春,男
28814,邓家佳,女
205,汪东城,男
21868,李凡秀,男
126968,张小觉,女
5235,斯戴芬妮·斯考特,女
1031238,王帅帅,女
2373922,张寻,女
270471,亚当·弗格斯,男
1897746,奥斯汀·斯威夫特,男
375792,詹姆斯·弗兰切威勒,男
1874287,BF Mulvey,
1036646,曹斐然,女
1018005,岳俊岭,男
2861073,蒋丽,
37724,Stephen Mendel,男
2861095,Tony Azzolino,
2861075,Kristen Day,
898893,Chris Niosi,
2861077,Bob Klein,
2861096,Wendee Lee,
2861086,Terry Stone,
2210779,猫鲍勃,男
1012023,温春荣,女
852831,刘骐,男
2826986,唐鑫,男
1012024,李世宏,男
127028,朱塞佩·巴蒂斯通,男
395808,Cassandra Morris,女
2743,袁文康,男
1012026,于天川,男
1012022,杨济妤,女
2152353,贝内黛塔·波尔卡罗利,女
2152351,Tommaso Tatafiore,
2854237,伊天锴,
289397,卡夏·斯穆特尼亚克,女
23219,瓦莱里奥·马斯坦德雷亚,男
248290,马可·贾利尼,男
7592,爱德华多·莱奥,男
281601,阿尔芭·洛瓦赫,女
66997,阿尔·萨皮恩扎,男
2396863,张海宇,男
10913,克里斯·云顿,男
2267870,王玉雯,女
2801515,李晨晖,男
398166,安娜·福列塔,女
56247,帕特里克·基尔帕特里克,男
2096,兰斯·E·尼克尔斯,男
2801517,蒋易,男
431645,亚伦·奥康奈尔,男
2928,杜夫·龙格尔,男
145213,杰思敏·沃兹,女
29476,张一白,男
1842253,卡塔尔·彭德莱,男
29683,周楚濋,女
334606,露塔·格德米纳斯,女
2740,丁嘉丽,女
16647,范明,男
130091,刁亦男,刁亦男
501,谭满堂,男
1349,安东尼·海德,男
1885,戴伦·伊万斯,男
2962,卡罗琳·古多尔,女
122582,贝丝·戈达德,女
180672,阿卡巴尔·库尔塔,男
1700691,伊万娜·萨赫诺,女
66758,简·库丁,女
152207,琼安·弗洛加特,女
109792,迈克·泰森,男
867889,孙欣,
386632,凯特·麦克金农,女
10591,贾斯汀·塞洛克斯,男
439808,萨姆·修汉,男
1552956,哈桑·明哈杰,男
457757,凯文·亚当斯,男
14142,吉莲·安德森,女
7858,卡莱伯·兰德里·琼斯,男
11209,凯瑟琳·纽顿,女
1155092,陈宝山,男
1156673,阮金红,女
2843904,梁嘉艳,女
3921,大卫·吉雅西,男
29614,本尼迪特·王,男
7741,艾比·考尼什,女
2227,王凯,男
993945,周游,男
1020534,王铮,男
5414,帕特里克·沃伯顿,男
26409,雷文-西蒙尼,女
5301,弗兰西斯·麦克多蒙德,女
3246,卢卡斯·赫奇斯,男
7739,山姆·洛克威尔,男
2392939,周云鹏,男
2402903,姜珮瑶,女
107734,吉尔伯特·戈特弗雷德,男
22355,张锦程,男
2802136,李奎,男
124673,图娃·诺沃妮,女
2831368,瑞秋·马休斯,女
2703,詹妮弗·杰森·李,女
118,比利·斯洛特,男
1012021,苏菲,女
611545,陈国良,男
1023475,杰西卡·罗德,女
358683,伊瑟尔·布罗萨德,男
993096,露比·莫迪恩,女
476445,查尔斯·艾特肯,男
201595,劳拉·克利夫顿,女
372769,杰森·拜尔,男
453000,罗布·梅洛,男
284145,塔拉·霍尔特,女
247225,特夏斯·巴特尔,男
25783,艾德里安·格尼尔,男
853262,徐海鹏,女
472918,吴谨西,女
28741,布鲁斯·威利斯,男
1040753,朱可可,女
28320,克里斯托弗·米洛尼,男
929,丽迪雅·赫尔,女
446826,Christopher Rob Bowen,
1464,丹尼·A·阿贝克恺撒,男
12148,李彧,男
21925,魏云,男
1034967,林羽,女
1034970,大宝哥,男
359587,卢杉,女
386649,傅亨,男
1038114,宋撼寰,男
724398,丁绮,女
526,祖晴,女
18066,韩彩英,女
413365,祝延平,男
1034966,陈海亮,男
19121,于娜,女
19245,童冰玉,女
2151961,阎么么,女
3139,中川雅也,男
16363,冯巩,男
3828,弗瑞德里克·林恩,男
59715,黛汉恩·卡罗尔,女
2842030,赵一博,
18524,牛莉,女
11405,贾玲,女
681836,张小斐,女
2994,扎克·埃夫隆,男
3009,保罗·斯帕克斯,男
1786459,叶海亚·阿卜杜勒-迈丁,男
159512,绪形直人,男
2865,毛俊杰,女
30065,刘昊然,男
624,宋小宝,男
6632,张子栋,男
16466,郝劭文,男
2846069,李欣蕊,女
277403,欧赫尼奥·德尔维斯,男
1020643,米斯蒂·科普兰,女
2854295,城桧吏,男
9911,松冈茉优,女
2897165,杰登·奈特,男
509,吴孟达,男
1153277,片山萌美,女
28362,吴秀波,男
1883584,Louis Lay,
361323,边江,男
263695,苗壮,男
354011,王冠南,
10346,森口瑶子,女
412990,山田裕贵,男
2835555,张博恒,
132897,古谷彻,男
2153144,骆明劼,男
2859893,刘朝健,男
2858023,汤君慈,男
2185667,李靖筠,女
1006947,斯潘塞·博加特,男
7205,井上和彦,男
27567,约翰内斯·豪克尔·约翰内森,男
6558,娜塔莎·迈尔兹,女
4486,延斯·赫尔腾,男
47681,蕾奥娜·维埃拉,女
256778,梅赛德斯·德拉泽尔达,女
1031632,林秋楠,男
360123,普里亚·拉贾拉特南,女
2859892,汤君耀,男
21593,置鲇龙太郎,男
191810,周志强,男
1761989,雅各布 格拉夫,男
1036611,华栖龙,男
28459,刘家勇,男
21544,林子祥,男
2153184,黄炜,男
24352,斯特林·K·布朗,男
43967,托马斯·简,男
22830,阿尔菲·艾伦,男
6949,法兰·德瑞雪,女
6951,莫莉·香侬,女
1664,崔凡特·罗兹,男
381469,米格尔·安赫尔·西尔维斯特,男
164569,迪帕克·迪布里亚尔,男
2094,伊扎贝拉·维多维奇,女
2909,朱莉娅·罗伯茨,女
33706,曼迪·帕廷金,男
338866,桑贾伊·萨里,男
2830018,莉莉·戴,女
20902,安东尼·安德森,男
8027,大卫·田纳特,男
2337087,艾尔·麦金农,女
25038,莎莉·菲利普斯,女
5202,波瑞斯·科乔,男
1132942,萨巴·卡玛尔,女
2806034,戴维德·迪格斯,男
372078,内哈·迪胡皮阿,女
2401069,蒂希塔·塞加尔,女
372576,阿莫瑞塔·金格,女
1157652,蒂洛塔玛·索姆,女
268721,姚中仁,男
10383,陈惠敏,男
545,潘斌龙,男
1415,胡明,男
591306,曹瑞,男
991545,山下大辉,男
19301,大泉洋,男
8215,劳拉·邓恩,女
1034308,凯莉·玛丽·陈,女
19064,木村昴,男
19066,关智一,男
1462432,高桥茂雄,男
354926,约翰·博耶加,男
13574,亚当·德赖弗,男
34278,凯丽·费雪,女
9467,道格·琼斯,男
28311,迈克尔·珊农,男
125759,劳伦·李·史密斯,女
28653,理查德·詹金斯,男
719176,张梦露,女
4072,迈克尔·斯图巴,男
2861008,红果果,
1152637,耿晨晨,男
466,尼克·西塞,男
28905,木幡龙,男
354366,董浩,男
3351,大卫·休莱特,男
18029,菲比·沃勒-布里奇,女
1032439,乔纳斯·索塔莫,男
21147,坦迪·牛顿,女
2841073,凯德·伍德沃德,男
59652,里昂·拉瑟姆,男
48320,桃乐丝·麦卡锡,女
3950,伊尔凡·可汗,男
359591,唐纳德·格洛弗,男
10064,亚当·詹姆斯,男
281768,苏普丽雅·皮尔加卡尔,女
405301,大卫·穆梅尼,男
2894702,罗特·萨拉夫,男
891687,加纳特·拉玛妮,女
1018510,雅各布·特瑞布雷,男
271132,杰克·莱西,男
14904,罗温·艾金森,男
75762,本·米勒,男
28911,欧嘉·柯瑞兰寇,女
451285,米兰达·亨妮莎,女
544336,萨钦,
2402357,萨曼莎·罗素,女
2829360,米利森特·西蒙兹,女
260797,约翰·塞纳,男
963732,侯赛因·达拉尔,男
329884,维克拉姆·古哈勒,
128241,阿斯夫·巴斯拉,男
144974,希雅,女
144077,拉妮·玛克赫吉,女
28827,伊丽莎白·德比茨基,女
926469,内拉吉·卡比,男
354927,黛西·雷德利,女
13852,玛丽安娜·琼-巴普蒂斯特,女
1418,玛歌特·罗比,女
2801352,张杨智子,女
1153728,张钟仪,女
2832768,王厂长,男
29734,阿尔登·埃伦瑞奇,男
365915,王飞,男
1025051,徐广明,男
401742,郑强,男
1020714,薛媛媛,女
2398272,刘伯勋,男
1040737,飞鱼,
398328,郭中友,男
1034326,雁子,女
19333,杨杏,女
1034008,Mik,男
1034007,李萌萌,女
1017612,游乐儿,女
32444,周亚平,男
1032534,陈俊亨,男
1032535,沐岚,男
1032536,李沛欣,女
852416,刘兴盛,男
1152428,杨泽华,男
263863,王伯昭,男
2854223,叶方,
786,王璐瑶,女
388616,孙科,男
1037259,葛骏,
1019202,江昊桐,男
18158,刘宸希,女
1032537,王彩莉,女
1152125,吴昊宸,男
282301,齐襄,女
394754,高叶,女
441473,陶昕然,女
12899,袁晶,女
2825366,王浩宇,男
28592,盛鉴,男
1035588,汪汐潮,男
2689,艾伦·图代克,男
12200,刘天佐,男
10536,塔拉吉·P·汉森,女
2267704,赵志伟,男
5232,萨拉·西尔弗曼,女
2683,克里斯汀·贝尔,女
24682,曼迪·摩尔,女
5611,凯莉·麦克唐纳,女
354217,孙艺洲,男
402928,李金铭,女
426869,娄艺潇,女
2866603,张镨冉,
2801419,王宇,女
2893125,陈冰,
354589,罗温·波隆斯基,男
1515931,安东尼奥·阿克儿,男
7157,肯尼思·霍,男
28886,贝丝·比厄,女
30243,宋阳,男
2373741,韩彦博,男
2826213,提斯·沙马,男
28531,瑟达瑞斯·布雷恩,男
8410,陈建斌,男
879544,拉杰·阿晶,男
283729,莫娜·安伯加卡尔,女
2405510,马努杰·沙玛,男
2289042,卡比尔·谢赫,男
284066,瑞斯·达比,男
371127,亚历克斯·沃尔夫,男
343151,尚,男
29772,凯文·哈特,男
260827,尼克·乔纳斯,男
9130,克里斯汀·斯科特·托马斯,女
267612,法如克·贾法尔,女
10080,兰道尔·朴,男
2523,威廉·达福,男
17068,特穆拉·莫里森,男
1640,艾梅柏·希尔德,女
2373925,温斯顿·杜克,男
28661,凯文·兰金,男
6762,迈克尔·B·乔丹,男
405821,丹娜·奎里拉,女
29603,丹尼尔·卡卢亚,男
455229,利蒂希娅·赖特,女
29141,艾德里安·霍姆斯,男
407477,章宇,男
2373738,任素汐,女
446095,亚德里亚·霍纳,女
1153264,马吟吟,女
4693,文峰,男
21157,黄经汉,男
354840,宁桓宇,男
28133,菊地凛子,女
28136,伯恩·戈曼,男
28135,查理·戴,男
2807468,程怡,女
25012,内芙·坎贝尔,女
93905,巴勃罗·施瑞博尔,男
617,梁咏琪,女
9589,斯科特·伊斯特伍德,男
2375407,卡莉·史派妮,女
2950,孙俪,女
2804192,张子贤,男
424388,曲哲明,男
2267830,刘启恒,男
1016270,刘頔,男
28904,王迅,男
121352,米雪,女
19808,苏小明,女
2397336,张磊,男
28092,保罗·菲利普·克拉克,男
224164,张松枝,男
3614,陶虹,女
413799,李又麟,男
20477,杰弗里·迪恩·摩根,男
9802,乔·曼根尼罗,男
17779,张衣,男
7516,玛琳·阿克曼,女
2846289,王正佳,男
16441,李念,女
21715,铁政,男
7681,祖峰,男
4729,雷佳音,男
7871,奥拉维尔·达里·奥拉夫松,男
428314,周家怡,女
7720,杰西卡·麦克娜美,女
4352,杰克·奎德,男
29073,李威尹,男
67858,玛丽·谢尔顿,女
441398,汉娜·乔恩-卡门,女
21618,雷恩·威尔森,男
183946,佩吉·肯尼迪,男
6815,史航,男
557,袁弘,男
28748,沃尔顿·戈金斯,男
11720,迈克尔·道格拉斯,男
9440,曹炳琨,男
600326,王戈,男
385659,迟嘉,男
2402105,张隽溢,男
392379,苏可,男
16953,泽田谦也,男
2403439,黄才伦,男
159142,瑞德·斯科特,男
8325,梅罗拉·沃特斯,女
2844139,米歇尔·李,女
287521,泰伊·谢里丹,男
13334,里兹·阿迈德,男
387965,斯科特·黑兹,男
3717,汤姆·哈迪,男
2336203,赵家正,男
991034,森崎温,男
18086,马克·里朗斯,男
385731,贾斯蒂斯·史密斯,男
3951,拉菲·斯波,男
983652,丽娜·维特,女
679,托比·琼斯,男
3729,本·门德尔森,男
19660,泰德·拉文,男
373423,奥利维亚·库克,女
586,江若琳,女
438677,张天阳,男
1040651,任志宏,男
1040652,谷放冰,女
4519,张晨光,男
2392211,魏翔,男
1087,徐冬冬,女
5690,斯科特·麦克纳里,男
383705,David Cromarty,
145739,朱迪·惠特克,女
383709,David J. Fenton,
383708,Zaak Conway,
383707,Micky Woodman,
383706,Dean Roof,
383704,Paul Terry,
6635,张一鸣,男
29376,马德钟,男
12533,陈超,女
28363,海清,女
1157337,郭家豪,男
357148,刘承羽,女
7770,迈克尔·皮特,男
358337,王强,男
412962,施羽,男
2151749,黄景瑜,男
414299,陈泽宇,男
430414,陆昱霖,男
412438,向海岚,女
29462,周一围,男
28194,王佳佳,女
2841939,贾晨飞,男
356383,杨新鸣,男
1011604,李妮妮,女
1011606,冀书亥,男
1011602,于德江,男
1011605,时尚,男
401960,王连生,男
288520,金亮,男
1028758,宋谷,男
1028760,朱哲民,男
696194,岳菁蔚,女
1015386,吴甜甜,女
20202,刘洋,女
262734,董子武,男
453228,Kelly Rice,女
7509,莫绮雯,女
1018475,李兰迪,女
594436,李小嘉,女
1028761,王永光,男
1028759,杨珊珊,女
1033203,刘天阳,女
1033202,刘芮侨,女
412337,孙岩,男
1033204,张歆滢,女
2268177,陈野,男
1026483,顾靖,女
1019001,付枚,女
24325,郭慧,女
2268176,田家大,男
2392738,孙岩,男
2248868,薛闻君,男
18125,胡睿,女
369222,柏安,女
2394265,王子,男
453008,刘思彤,女
2825377,王子,女
474998,许立志,男
2268123,朱淇,
2841869,乌鸟鸟,男
129997,刘帅良,男
2841831,陈年喜,男
474995,吉克阿优,男
1033699,朱俊丞,男
426868,岑丽香,女
1033694,可晴,女
447966,吴磊,男
1011594,昆凌,女
1039172,朱云峰,男
2394422,孙越,男
2267751,阎鹤祥,男
17362,刘若英,女
1383,王志文,男
1019073,郭麒麟,男
6705,侯震,男
1038236,张鹤伦,男
1015547,崔碧珈,女
1017540,何佩珉,女
3574,李元玲,女
6795,谭维维,女
29392,耿乐,男
10682,季冠霖,女
385049,付博文,男
18757,李立宏,男
6435,田壮壮,男
28573,郎月婷,女
7779,宋宁峰,男
577808,吴彦姝,女
116041,池松壮亮,男
11338,余贵美子,女
185092,小岛圣,女
110593,马克·阿诺德,男
223899,伊莱恩·考尔菲德,
11888,多部未华子,女
88545,詹尼弗·林,女
12913,佐藤浩市,男
10466,木村绿子,女
12772,李立群,男
29333,小田切让,男
2606,凡妮莎·柯比,女
126760,河井青叶,女
1837,劳拉·琳妮,女
28225,盖·皮尔斯,男
5350,多米尼克·威斯特,男
3396,彭波,男
29191,陈晓,男
1294,姜武,男
29264,惠英红,女
66,蓝正龙,男
1034011,张蚰云,女
1034012,马国华,男
1034014,陈万号,男
29872,安琥,男
29730,妮可·基德曼,女
29828,裘德·洛,男
394771,李大光,男
22916,杨皓宇,男
2221,唐小然,女
398500,李洋,男
28452,尚铁龙,男
2398565,施景子,
2398566,唐翊源,
2846123,曾漪莲,
452631,邓紫棋,女
1152093,赵顺然,男
2151771,金光民,男
2153644,文静,女
2152647,叶子,女
2223,蔡俊涛,男
2397775,李哲,女
365262,于小慧,女
11407,任帅,男
385655,刘丹,女
2398209,杨青,女
392851,韩磊,男
2153003,李姗姗,女
2394707,胡越,
12574,张艾,女
120460,徐小凤,女
2394708,方宇,
2871,汪峰,男
2841667,Lupo Groining,男
18978,李蕴,女
1155057,朱颜曼滋,女
2397752,韩昊轩,男
12773,高子沣,男
1021563,李功常,男
1021561,马春瑞,女
365624,闫安,男
247364,凯蒂·萨瓦,女
3165,蒂尔·施威格,男
2883860,黄诚,
18983,张嘉倪,女
2402926,张怀武,男
1018990,陈大刚,男
1030329,刘若班,男
1030330,张树彬,男
2841594,郭皓,
357141,陈钰芸,女
740752,珠恩·威廉姆森,
403933,李依馨,女
10779,艾兰·霍金斯,男
392035,西蒙·殷,男
1030328,赵梦娇,女
23344,王文杰,男
363293,克瑞姆·柏辛,男
397968,凯瑟琳·希金斯,女
24271,扬·约瑟夫·利费斯,男
129632,米夏埃尔·赫尔比希,男
224171,法赫里·亚迪姆,男
243439,雅娜·帕拉斯克,女
148551,克劳迪亚·米歇尔森,女
117599,马提亚斯·施维赫夫,男
2267939,郭若寒,女
776714,更登彭措,男
2403337,曲尼次仁,女
13227,杰夫·贝尔,男
2403339,益西旦增,女
13745,斯蒂芬·格拉汉姆,男
2396882,许林,女
2886543,索朗旺姆,女
2403338,夏诺·扎西敦珠,男
1075820,托马斯·M·赖特,男
32760,恩佐·科伦蒂,男
27390,杰克·莱诺,男
392463,王佑硕,男
21641,杨昆,女
415180,田重,男
1154885,肖天,女
2395202,王浩男,王浩男
1338445,邱心志,男
2847031,龚轶,
2396883,王瑄,女
1041105,明俊臣,男
2396923,杨鑫,男
2398399,石林宽,
2398400,张秀青,
2398401,付钢,
2398402,郭旭,
2398403,毛毛,
20741,罗格·杰克逊,男
11847,陆川,男
5100,南希·苏利文,女
2396643,余玥,女
1157229,季肖冰,男
448993,潘时七,女
2803961,本杰明,男
1027372,张翔玲,女
1041327,张晨,男
1041328,郭燕芸,女
426495,米迦勒·埃普,男
262187,杰西卡·布恩,女
287760,菲利普·布罗迪,男
15940,赖雅妍,女
970502,谢语恩,女
2398398,石海玉,女
43540,杰克·诺斯沃迪,男
28427,周杰伦,男
18075,方子哥,男
390611,马哈姆·胡里,男
2397066,林奕菲,女
385288,陈一方,女
2397067,张恩熙,女
160471,陈志雄,男
197750,南宫珉,男
2397442,张源灵子,
2397444,王晓龙,男
2397068,袁海鸥,女
471688,郭震,男
2397065,刘洛汐,女
30485,张杨,男
2400217,Johnny Rose,
2801338,范晋嘉,男
5905,薛佳凝,女
1034692,王皓祯,男
1040725,杨苏,女
1017513,卓凡,男
1040727,任添琪,女
2398520,刘柏威,男
1011,潘长江,男
1027281,许玮甯,女
18073,杨大鹏,男
5583,裴淳华,女
29729,米娅·华希科沃斯卡,女
19037,朱一龙,男
804,王思懿,女
28434,纳豆,男
15981,林辰唏,女
121184,麦家琪,女
355751,章小军,男
2403288,房星彤,女
392984,杨能,男
128621,黑妹,女
398761,王晓曦,男
398765,郑雪,女
449867,祝涛,男
1041326,孔维一,男
1026364,郭君,
1026367,韩金蕾,
1026368,任林,
1026365,陈嘉铭,
1026363,储小鹏,
4038,劳米·拉佩斯,女
2398601,王思敏,女
1035054,胡子彤,男
208041,潘灿良,男
21785,孙力民,男
1035056,谈善言,女
380424,岑珈其,男
2398515,税洁,女
1018771,洛如菲,女
583,刘羽琦,女
1030331,马程,男
359554,黄远,男
1027767,汪小敏,女
2403674,郑文杰,
356698,韩志,男
2399550,夏沫侨,女
2402924,宋晓宇,男
2402927,徐炜,男
921109,葛平,男
2402925,李垚,女
2403673,奇凌,男
2403675,黄菀乔,
29469,安悦溪,女
2847989,黄莞乔,女
41302,李若彤,女
437332,李子峰,男
29601,摩里斯·切斯塔特,男
238764,罗茜·费尔纳,女
19188,伊娜,女
2230,罗伯特·德尼罗,男
2089,凯特·波茨沃斯,女
28388,吉娜·卡拉诺,女
200844,马克-保罗·戈塞拉,男
5531,D·B·斯威尼,男
374684,周昕妤,女
8515,丹尼·伯恩,男
19328,吕星辰,女
354395,辉灿,男
2373912,郭玉英,
1017967,刘汉兆,男
2828596,周靖潼,女
1012776,肖笑波,
2806745,丁莹莹,女
1033455,刘妍,女
39755,让-皮埃尔·巴克里,男
21620,蕾妮·齐薇格,女
370359,Johann Dionnet,
400447,姜涛,男
391321,皮奥·马麦,男
16001,帕特里克·德姆西,男
206410,詹姆斯·卡利斯,男
1018389,王缤,
354109,格什菲·法拉哈尼,女
2151777,孙筱燕,
848189,格雷瓜尔·鲁迪格,男
65088,西莉亚·伊姆瑞,女
977160,大卫·马赛,男
14474,奥黛丽·塔图,女
388620,卢瑶,女
1040557,苏子芜,
2806746,陈帅," class=""tag"">暖男"
2807217,粟军,
2808597,郑晓勇,男
2884335,李佳颖,女
389618,史依弘,女
2805444,王一鸣,男
2807331,冯满天,男
356506,王梓桐,女
2268293,梁霆炜,男
2403942,徐勇,
162454,Ben Wolfe,男
2403939,江兰萱,女
2406498,马卉,
2403940,俞晓晔,女
386605,王厦,男
37204,弗朗西斯·利范德,男
2183558,弗洛亨特·皮耶,男
282288,帕特里克·米勒,男
83093,米歇尔·布朗,男
24389,伊万·阿达勒,男
1034752,丁冠森,男
95527,阿兰·杜泰,男
8518,爱丽丝·波尔,女
1152649,吕绍聪,男
430960,张宇,男
355833,钟欣凌,女
159003,安·玛丽文,女
2151781,陈思,女
38354,刘亮佐,男
2374053,李虹辰,男
2153522,施潮锦子,女
400188,涂世旻,男
414078,贾妮,女
16370,任正斌,男
2398799,傅斌,男
2398800,傅莹莹,女
2399262,尼卡拉·拜合提牙尔,女
2399261,甫拉提·吐尔逊,男
2848209,伊不拉伊木·帕合尔丁,
464258,连静雯,女
2826523,贺宇杰,男
2826524,傅品晟,
2826526,马国尧,男
3389,杜淳,男
1012,赵宝刚,男
418,浅野忠信,男
386643,康晋荣,男
224074,苗可丽,女
2801506,于瑛楠,女
2373739,卜冠今,女
2826525,江志伦,
16372,胡杏儿,女
88933,屈中恒,男
1157929,蒋笃慧,女
475397,鲍比·斯莫德里奇,男
3555,林路迪,男
1902735,Raquel Arraes,
19135,冷中易,男
1035762,陈幼文,男
2828127,李沁恩,女
2826521,林佑俽,
1031171,王少雍,男
75959,安古斯·麦克菲登,男
2989,侯桐江,男
22664,李乃文,男
2208873,米咪,女
29468,咏梅,女
379627,梅芙·金琴丝,女
1896433,迪萨·恩杜纳,女
2848141,康斯坦丁·埃土恩,男
817,傅颖,女
2802602,李正彦琦,女
19011,陶为,男
2858854,梅树森,
127049,宫晓瑄,女
5684,泰特·多诺万,男
62465,希瑟·伯恩斯,女
2401483,张诚航,男
25782,格瑞辰·摩尔,女
1021742,安晨妤,女
366722,C·J·威尔逊,男
6451,王奕瑾,女
931422,钱柏渝,女
2399531,宇腾,
21334,朱旭,男
119172,蒋勤勤,女
20065,陈飞宇,男
1034211,虞嘉娜,女
1421,凯尔·钱德勒,男
90486,胡亚捷,男
429056,蔡尚甫,男
360727,卡拉·海沃德,女
3551,黄恺杰,男
361277,宋明,男
597579,孙启明,男
1036653,邓伟锋,男
29586,范逸臣,男
931420,卞庆华,男
1023351,陈喆,男
2153781,郭盛,男
1030699,刘强富,男
665,赵有亮,男
2153782,姚雷,男
30555,徐杰,女
7956,陆凯,男
356063,爱德华·阿什利,男
94562,蒋金,男
11859,李颖,女
2804542,李益坤,
2804548,彭浩锋,
2804544,刘丹阳,
2804545,刘小兵,
2804546,刘远锋,男
2826519,郭馨雅,
174388,陈百强,男
396332,张杨果而,女
174526,钟保罗,男
1150420,邝美宝,女
140169,黄恺欣,女
30050,唐菁,男
4657,阿兰·夏巴,男
28131,查理·汉纳姆,男
5958,罗伯特·帕丁森,男
154484,西耶娜·米勒,女
43814,伊恩·麦克迪阿梅德,男
19826,朱茵,女
412273,王玉宁,男
392814,李玉峰,男
58875,高强,男
416582,于月仙,女
2398414,储毅,男
2398170,哈雷,
568,王晓彤,女
15902,安娜·舒若希基娜,女
389238,沙尔托·科普雷,男
1344,肖恩·宾,男
4355,伊莎贝拉·弗尔曼,女
5161,迪·布拉雷·贝克尔,男
15894,伊万·阿赫洛贝斯金,男
7370,杰夫·贝内特,男
64039,Bill Chott,男
131936,松本梨香,女
192457,贝拉·索恩,女
29256,周渝民,男
66966,约翰·哈斯勒,男
1037164,文淇,女
172447,乔纳森·福布斯,男
28105,舒淇,女
24208,大卫·拜德拉,男
18027,奥莉薇娅·柯尔曼,女
1154114,蒂娜·德赛,女
94032,马克·莫拉根,男
2215146,赵威霖,男
28209,杜鹃,女
28607,黎明,男
16440,王耀庆,男
391904,黄尚禾,男
1154991,刘倬廷,男
357353,吉丽,女
282291,苍井空,女
413377,连奕名,男
28901,张涵予,男
367592,郑开元,男
2194291,吴昆达,男
2402762,孙阳,男
1781789,Kate Liquorish,
2023612,Bob Chappell,
358882,菲比·福克斯,女
1995,巴克德·阿巴蒂,男
359337,白举纲,男
27129,杨静,女
11061,戴夫·帕特尔,男
23701,亚伦·保尔,男
28870,海伦·米伦,女
16259,艾伦·瑞克曼,男
2023611,Alex Gallafent,
28593,陈坤,男
1103233,Dmitriy Dyuzhev,男
16957,张艾嘉,女
6701,郭德纲,男
29640,桂纶镁,女
2758,王景春,男
354074,欧阳娜娜,女
1034855,王元也,男
399867,斯蒂芬·马布里,男
1985904,Aleksandr Semyonov,
1890158,艾琳娜·拉尼娜,女
1034542,安东·庞布施尼,男
1042485,瓦谢斯拉夫·拉贝戈耶夫,男
19484,桑扎尔·马季耶夫,男
1985903,Nikolay Shestak,
2040275,Anna Kravtsova,
2040276,Yuliya Titarenko,
2399357,竺子,
2399354,小囧,
224207,杨心仪,女
1013866,塞巴斯蒂安·斯萨克,男
597677,胡玺龙,男
2399356,月月,
1028325,段游,
2399355,莫谦,
405385,刘一辰,男
1019240,幺依田,女
2399353,小鹿,女
38609,安迪·麦克道威尔,女
17894,吉欧夫·斯图兹,男
2403579,Konstantin Khabenskiy,
4537,泰勒·克奇,男
28230,詹姆斯·贝吉·戴尔,男
2399351,禹祥,男
27553,詹妮弗·康纳利,女
2097144,罗斯蒂斯拉夫·贝谢尔,男
1859433,皮埃尔·布雷尔,男
1993444,谢尔盖·切尔丹采夫,男
38602,小林薰,男
2399350,吕豆,女
2399352,绿绮,女
15144,王阳明,男
203593,阿伦·艾弗森,男
428436,弗瑞达·帕尔森,女
27867,丹尼拉·科兹洛夫斯基,男
6160,西格妮·韦弗,女
18469,菲丽希缇·琼斯,女
17371,本·摩尔,男
158242,乔金·奈特奎斯特,男
1811982,亚历山大·阿默,男
355132,刘易斯·麦克杜格尔,男
1324884,亚历山大·奥斯特犹科夫,男
189536,伊戈尔·别特连科,男
6468,杰拉丁·卓别林,女
29071,斯维特拉纳·库德钦科娃,女
3719,连姆·尼森,男
1147634,谢尔盖·希纳罗维,男
380279,乔·瓦伊塔尔,男
29231,康斯坦丁·哈宾斯基,男
1151605,税瀞熙,女
2409087,陈学文,男
1541496,麦子乐,男
1696892,朱跃希,女
28993,林依晨,女
11228,张国柱,男
996778,朱芷莹,女
29870,戴立忍,男
9434,方皓玟,女
780,冯淬帆,男
1017576,吴肇轩,男
20081,科林·费斯,男
387682,姜雯,女
28601,李治廷,男
380172,张艺兴,男
148124,索努·苏德,男
1038229,迪莎·帕塔尼,女
354149,母其弥雅,女
1020072,尚语贤,女
969731,艾米拉·达斯特,女
1157219,白恩,男
384830,上白石萌音,女
2398541,安妮克·阿斯克渥德,女
560,李艾,女
2402135,克罗维斯·弗昂,
18953,艾瑞克·艾伯纳尼,男
54549,史蒂文·西格尔,男
2837292,蔡明凯,男
13399,宗晓军,男
2833851,张军,男
396442,于佳,男
2394298,黄榛,男
2401514,邢硕,
2401512,诗梓佳,
1036184,张亦驰,男
2394627,马闻远,男
1152847,李小胖,男
475137,甘于晓雪,女
987510,于博宁,男
577549,尹大为,男
1152313,杨祖青,女
1214,翟小兴,男
128908,袁霞,女
24065,嘉央桑珠,男
29381,田牧宸,男
1023340,佟心竹,女
130122,冯家妹,女
78313,市原悦子,女
1002447,成田凌,男
1034821,孟令军,
714383,悠木碧,女
130055,孙茜,女
820,艾玛·罗伯茨,女
2804650,宋周玲,女
2830243,耶尔凡,男
127416,王璐,男
1035717,赫子铭,男
16131,小林成男,小林成男
2828175,西尔扎提,男
20758,王刚,男
1916685,Brian 'Sene' Marc,
4661,Alexa Kahn,女
19320,托德·哈伯空,男
28692,戴夫·弗兰科,男
27849,艾米丽·梅德,女
241525,迈尔斯·赫尔泽,男
476391,金可·格伦,女
33651,马克·约翰·杰弗瑞,男
2910,朱丽叶特·刘易斯,女
20000,阿德里安·布薛特,男
2396856,连姆·穆尔维,男
4073,尼可·斯彻金格,女
128658,曹扬,男
29485,林保怡,男
971,琳娜·海蒂,女
37282,戴维·甘特,男
29722,詹瑞文,男
504,谢元真,女
154306,瑞秋·豪斯,女
263292,龚洁,女
4071,杰梅奈·克莱门特,男
11400,王彤,女
402560,李心仪,
2836404,钟瑾桦,男
385284,王国栋,男
989491,陈立谦,男
2802428,巫恩仪,
2391723,李川,男
29650,倪慕斯,女
1419975,格里戈里·莱普斯,男
131720,阿尔缅·哲加尔哈尼扬,男
578354,宋词,女
958041,卢洋,女
1125617,米克哈尔·加拉斯蒂恩,男
354009,李铫,男
33711,约翰·德米塔,男
2403709,高冉雨,
1030799,石磊,男
2403706,袁泽宇,
2403707,芒来,
224101,洪晃,女
2403708,米粒,男
2402299,吴祉静,女
1158789,利晴天,男
5332,陈汉典,男
21557,尹光,男
1033596,傅雷,男
664,宋丹丹,女
399791,邵夷贝,女
1040205,郭君彦,男
9230,埃米尔·赫斯基,男
2396929,陈春生,男
130103,李芳淙,女
130216,真野惠里菜,女
29278,蒲巴甲,男
384992,坂口健太郎,男
130219,太田莉菜,女
2086,严屹宽,男
13066,堀内敬子,女
1027062,楼云飞,男
1025720,戴克·蒙哥马利,男
2197819,耿一正,男
975240,大石吾朗,男
2177717,辛星,男
16128,曹可凡,男
11894,龙星凉,男
38962,田边诚一,男
30209,费奥多尔·邦达尔丘克,男
2005693,马克西姆·契克哈里尤夫,男
19979,乌比·戈德堡,女
24308,罗嘉良,男
361311,王晨光,男
2396928,陈玺旭,男
465620,徐熙娣,女
405081,娜奥米·斯科特,女
391220,RJ·赛勒,男
1027003,贝姬·戈麦斯,女
32114,大卫·丹曼,男
28669,帕特里克·萨邦圭,男
403,余少群,男
2387,文森特·里奥特,男
401318,博隆,男
1836947,Naren Weiss,
7774,张韶涵,女
400859,miwa,女
399875,汪铎,男
1354850,Johanna Putnam,
1004802,刘旭洋,男
14399,尤宪超,男
17108,田雨,男
2151301,王子腾,男
911,刘佩琦,男
1023766,奥丽伊·卡瓦洛,女
2151302,孙艺铭,女
252051,丁川,男
14398,高晓攀,男
26601,乔·佩西,男
6256,王骁,男
27804,王丽坤,女
354108,杨一威,男
2397302,王超,男
376135,杰洛德·卡尔迈克,男
128913,利亚姆·加里根,男
28589,林更新,男
29181,姚晨,女
365735,林允,女
128317,巴特尔,男
730965,吉里什·库卡尼,男
1028162,伊莎贝拉·莫奈,女
2151873,王天辰,男
1986327,塞伊拉·沃西,女
2396858,王可如,女
1034010,李晓峰,女
2396859,隋源,女
287137,苏岩,女
1129527,沙克希·坦沃,女
1766047,法缇玛·萨那·纱卡,女
1986328,桑亚·玛荷塔,女
1856440,阿帕尔夏克提·库拉那,男
372081,维万·巴特那,男
373185,里特维克·萨霍里,男
474853,杨采钰,女
1035202,钟楚曦,女
1156739,盛一伦,男
910780,麦迪·齐格勒,女
2699,戴恩·德哈恩,男
396621,查理·帕尔默·罗斯韦尔,男
18060,尼古拉斯·琼斯,男
59548,布赖恩·佩蒂福,男
17287,艾丽·范宁,女
427627,卡莉·蕾·杰普森,女
243032,克里斯·J.约翰逊,男
13130,圣地亚哥·瑟甘拉,男
1027370,邱意浓,女
958,黄德斌,男
18990,刘兆铭,男
103015,斯蒂芬·迪兰,男
107749,雅尼·吉尔曼,男
1802464,Axel Mansilla,
19895,罗纳德·皮卡普,男
10,马修·莫迪恩,男
437167,克莱尔·霍尔特,女
2401321,亦风,男
182428,刘俊昊,男
365480,薛之谦,男
2398529,夏恩,女
12109,张伟欣,女
15636,任容萱,女
289322,黑木明纱,女
9444,张宁江,男
2398530,姜宗远,男
406372,孙莉,女
26857,朱宝意,女
593109,海伦·波斯瓦拉·乐卡克,女
26856,田丰,男
27921,罗斯·林奇,男
15960,苏菲·卡迪欧,女
2407768,迟明,女
2394506,黄星羱,男
9454,阮兆祥,男
26867,石燕子,男
16353,吴宇森,男
1033192,李楠,女
273370,玛丽欧·沃尔夫,女
2801207,何子君,男
267997,安吉拉·嘉鲁皮,女
1033242,刘楚恬,女
257579,凯特·米库奇,女
2396774,彭雨菲,女
2396775,张子琨,男
2396776,戎妍,女
2396777,庄承松,
2396778,刘青阳,男
401326,黎泰承,男
2403933,金子有希,
400869,石川由依,女
118275,丰永利行,男
172832,中川翔子,女
29771,迈克尔·塞拉,男
115954,玛丽亚·凯莉,女
266056,苏珊·本尼特,女
229015,野路美苗,女
396964,赵永洪,男
145487,邓一鸣,男
903,王肖兵,男
197,入野自由,男
203,潘惠美,女
3341,武井乔治,男
1714,田川洋行,男
982115,苗苗,女
904,李传缨,男
2215420,花希,男
4039,查理兹·塞隆,女
2401267,吴淳元,
1153167,成梓宁,女
8350,凯文·麦克纳利,男
2401482,王旭东,男
2401322,李微漪,女
649,苗海忠,男
1417,马修·麦康纳,男
993,常铖,男
1158521,潘延,女
719794,早见沙织,女
9929,卡雅·斯考达里奥,女
102929,布伦达·瓦卡罗,女
13106,张逸杰,男
1071633,胡安·卡洛斯·凡希多,男
16090,杰弗里·拉什,男
2401268,黄晨,
1016307,李砚,男
70,奥兰多·布鲁姆,男
27519,布兰顿·思怀兹,男
28420,约翰·奥提兹,男
5231,约翰·C·赖利,男
31634,科里·霍金斯,男
2055,托比·凯贝尔,男
2018,哈维尔·巴登,男
783,金晨,女
20162,向佐,男
919350,罗云熙,男
7463,布丽·拉尔森,女
28937,景甜,女
29548,塞缪尔·杰克逊,男
28869,约翰·古德曼,男
29286,本杰明·布拉特,男
79409,芮妮·维克托,女
1907,爱德华·詹姆斯·奥莫斯,男
64361,阿兰纳·乌巴奇,女
434126,杰米·卡米尔,男
23691,盖尔·加西亚·贝纳尔,男
179826,赫伯特·西古恩萨,男
18651,托妮·科莱特,女
6716,妮娜·杜波夫,女
285457,威廉·利维,男
365015,欧文·马肯,男
1980752,Vian Singleton,
14635,迪皮卡·帕度柯妮,女
2575,托尼·贾,男
29611,伊恩·格雷,男
127432,鲁比·罗丝,女
28463,金士杰,男
29192,赵丽颖,女
1040236,李荣浩,男
5200,肖恩·罗伯茨,男
5218,艾丽·拉特,女
279858,李准基,男
29466,董子健,男
2392779,熊黎,女
455391,张本煜,男
355313,高华阳,男
32459,达纳·盖尔,女
83440,崔·帕克,男
1021168,大张伟,男
1932065,内芙·沙雷尔,女
29287,米兰达·卡斯格拉夫,女
27706,托尼·雷沃罗利,男
969141,劳拉·哈里尔,女
2185375,雅各·巴塔伦,男
29285,克里斯汀·韦格,女
354095,白客,男
285453,赞达亚·科尔曼,女
276231,泰莎·汤普森,女
19969,迈克尔·基顿,男
14593,杰夫·高布伦,男
28132,伊德瑞斯·艾尔巴,男
28502,卡尔·厄本,男
4526,林永健,男
29374,马浴柯,男
28106,黄渤,男
8021,陈佩斯,男
10787,朱时茂,男
28222,小罗伯特·唐尼,男
17822,玛丽莎·托梅,女
28231,乔恩·费儒,男
11399,岳云鹏,男
28620,柳岩,女
1024601,阿米尔·米勒,女
28287,马克·鲁法洛,男
80,凯特·布兰切特,女
1356,阿莱克斯·潘诺维奇,男
1598,朱迪·格雷尔,女
425276,马克斯·洛伊德-琼斯,男
256621,莎拉·坎宁,女
3468,史蒂夫·茨恩,男
2657,理查德·E·格兰特,男
130208,雷·费舍尔,男
44132,艾瑞琪·拉·塞拉,男
128443,斯戴芬·莫昌特,男
8478,伊利斯·尼尔,女
69520,伊丽莎白·罗德里格斯,女
28691,伍迪·哈里森,男
1018808,加布里埃尔·查瓦里亚,男
28310,艾米·亚当斯,女
6715,埃兹拉·米勒,男
28110,杨迪,男
11,J·K·西蒙斯,男
5349,塞伦·希德,男
29513,倪妮,女
354021,欧豪,男
16956,郑爽,女
2211,俞飞鸿,女
2746,余文乐,男
1902608,达芙妮·基恩,女
2525,波伊德·霍布鲁克,男
29077,帕特里克·斯图尔特,男
7834,杰森·莫玛,男
28309,亨利·卡维尔,男
2827,庞·克莱门捷夫,女
922,西尔维斯特·史泰龙,男
29692,布莱德利·库珀,男
9569,哈维尔·博泰特,男
28501,佐伊·索尔达娜,女
7942,戴夫·巴蒂斯塔,男
27507,迈克尔·鲁克,男
27506,凯伦·吉兰,女
28312,罗素·克洛,男
5957,安娜贝拉·弗朗西斯·沃丽丝,女
12171,索菲亚·波多拉,女
4919,戴兰·史密斯,男
7467,杰克·M·约翰森,男
14067,考特尼·万斯,男
17419,查斯蒂·巴勒斯特罗斯,女
124740,露茜·戴维斯,女
29306,艾文·布莱纳,男
20927,埃伦娜·安纳亚,女
2958,康妮·尼尔森,女
13549,卢克·科比,男
1954986,布莱斯·盖瑟,男
28498,克里斯·派恩,男
3264,罗宾·怀特,女
3268,丹尼·休斯顿,男
1090,大卫·休里斯,男
1851588,K·J·阿帕,男
28576,姜皓文,男
158335,普奇·豪尔,男
1102848,朱丽叶·赖伦斯,女
2072294,Shina Shihoko Nagai,女
29304,斯坦利·图齐,男
110962,佩吉·利普顿,女
3349,胡然,女
5927,汤镇业,男
1838,丹·史蒂文斯,男
28384,卢克·伊万斯,男
29300,伊万·麦克格雷格,男
28083,刘德华,男
9540,丹尼斯·奎德,男
9876,郑则仕,男
3282,艾玛·汤普森,女
5501,刘浩龙,男
16651,喻亢,男
15,乔什·加德,男
29076,伊恩·麦克莱恩,男
249400,古古·姆巴塔-劳,女
1033170,斯蒂芬·霍根,男
16274,梁佩诗,女
385319,夏莉·墨菲,女
29491,吴刚,男
29863,弗兰克·格里罗,男
1374,淳于珊珊,男
1372,张翰,男
7944,卢靖姗,女
16723,丁海峰,男
15978,刘涛,女
28813,余男,余男
513,于谦,男
21597,皮尔斯·布鲁斯南,男
712178,高垣彩阳,女
2597,泽城美雪,女
33472,平田广明,男
1070,蒋梦婕,女
280109,安元洋贵,男
2129,陈欣健,男
2809286,程献栋,
714658,伊藤加奈惠,女
855760,竹达彩奈,女
18435,日高里菜,女
874882,松冈祯丞,男
27410,罗伯特·雷德福,男
154631,佐佐木藏之介,男
9450,黄子华,男
1021119,郭易峰,男
452013,户松遥,女
16359,范志博,女
16722,修庆,男
2807553,Shaune 尚 迪奥普,男
2268338,罗云琦,女
28199,黄小蕾,女
2844346,董文腾,男
2843873,罗云琦,女
1013544,金圣柱,男
1016144,关喆,男
28807,赵英俊,男
282276,小出惠介,男
74,米卡埃尔·佩斯布兰特,男
19941,王斑,男
431525,徐璐,女
2396252,古筝,女
29655,洪金宝,男
9978,阿斯特丽德·伯格斯-弗瑞斯贝,女
450911,浅沼晋太郎,男
2153140,刘泳希,女
11863,郑凯,男
15752,菅田将晖,男
29845,瑞恩·高斯林,男
1785,尹子维,男
375842,弦子,女
476319,符泷飞,男
2153142,韩忠羽,女
2394419,泰维,男
2153141,鲁照华,女
2153143,李诺,女
27996,松隆子,女
191771,黄志忠,男
26940,郭凯敏,男
4247,安德鲁·加菲尔德,男
1017983,高寒,男
26498,王霙,男
33889,艾瑞克·巴纳,男
2803307,虞同伟,
1034824,赵鑫,
1034754,杨波,男
379237,西尔维娅·侯克斯,女
27850,麦肯兹·戴维斯,女
849330,卡拉·朱里,女
2398797,乐思宏,男
2403839,甄琪,女
2810411,王馨瑶,女
86643,杰罗姆·弗林,男
29301,埃莉诺·汤姆林森,女
22824,西尔莎·罗南,女
4449,海伦·麦克洛瑞,女
1299,哈里森·福特,男
414149,安娜·德·阿玛斯,女
3467,杰瑞德·莱托,男
1017574,苏丽珊,女
1035250,灰熊,男
2818549,赵天宇,男
269769,张亚东,男
2403599,罗伯特·古拉奇克,男
757,郑希怡,女
3286,瑞切尔·格里菲斯,女
907,孙维民,男
1016669,雷琛瑜,女
89029,卢巧音,女
5493,郑诗君,男
762,陆永,男
79,雨果·维文,男
9464,文斯·沃恩,男
17986,费拉斯·迪拉尼,男
1401,徐箭,男
3670,董勇,男
26896,太保,男
130132,王大治,男
19185,陶灏景,男
2803306,武洋,
20738,克里斯托弗·L·帕森,男
1714658,帕皮·福克纳,男
2151965,李兰陵,男
2402519,叶知秋,女
475009,吉泽亮,男
991851,桥本环奈,女
13057,冈田将生,男
38563,柳乐优弥,男
1018260,幽舞越山,女
189237,堂本刚,男
16371,于晓光,男
2800417,刘玥心,女
354023,吴亦凡,男
13313,劳拉·哈德克,女
16000,乔什·杜哈明,男
12340,桑地亚哥·卡布瑞拉,男
827259,安东尼·冈萨雷斯,男
1902,马克·沃尔伯格,男
3525,黄轩,男
414,安东尼·霍普金斯,男
411,汤姆·希德勒斯顿,男
29094,约翰尼·德普,男
21277,Aamir Hussain Khan,男
28381,范·迪塞尔,男
394797,黄怀晨,男
364270,李玖哲,男
2401975,涂百峰,男
471564,柯达,男
2401976,翁妮妮,女
6463,汤姆·赫兰德,男
28983,王宝强,男
28103,卢正雨,男
29284,史蒂夫·卡瑞尔,男
18068,黄龄,女
5195,米拉·乔沃维奇,女
28208,邓超,男
16985,蔡国庆,男
1037140,杨培,男
28512,克里斯·海姆斯沃斯,男
104,安迪·瑟金斯,男
29066,休·杰克曼,男
2401594,江措旺堆,
2401595,仁青旺佳,
20923,徐刚,男
2401592,姆曲,
2401593,扎西措姆,
